-- phpMyAdmin SQL Dump
-- version 5.1.1
-- https://www.phpmyadmin.net/
--
-- Host: localhost
-- Generation Time: Apr 14, 2025 at 06:09 AM
-- Server version: 10.3.39-MariaDB
-- PHP Version: 7.2.30

SET SQL_MODE = "NO_AUTO_VALUE_ON_ZERO";
START TRANSACTION;
SET time_zone = "+00:00";


/*!40101 SET @OLD_CHARACTER_SET_CLIENT=@@CHARACTER_SET_CLIENT */;
/*!40101 SET @OLD_CHARACTER_SET_RESULTS=@@CHARACTER_SET_RESULTS */;
/*!40101 SET @OLD_COLLATION_CONNECTION=@@COLLATION_CONNECTION */;
/*!40101 SET NAMES utf8mb4 */;

--
-- Database: `takiadmn_db`
--

-- --------------------------------------------------------

--
-- Table structure for table `areas`
--

CREATE TABLE `areas` (
  `id` bigint(20) UNSIGNED NOT NULL,
  `name` varchar(255) NOT NULL,
  `city_id` bigint(20) UNSIGNED NOT NULL,
  `state_id` bigint(20) UNSIGNED NOT NULL,
  `state_code` varchar(255) DEFAULT NULL,
  `country_id` bigint(20) UNSIGNED NOT NULL,
  `created_at` timestamp NULL DEFAULT NULL,
  `updated_at` timestamp NULL DEFAULT NULL
) ENGINE=InnoDB DEFAULT CHARSET=utf8mb4 COLLATE=utf8mb4_unicode_ci;

-- --------------------------------------------------------

--
-- Table structure for table `block_users`
--

CREATE TABLE `block_users` (
  `id` bigint(20) UNSIGNED NOT NULL,
  `user_id` bigint(20) UNSIGNED NOT NULL,
  `blocked_user_id` bigint(20) UNSIGNED NOT NULL,
  `created_at` timestamp NULL DEFAULT NULL,
  `updated_at` timestamp NULL DEFAULT NULL
) ENGINE=InnoDB DEFAULT CHARSET=utf8mb4 COLLATE=utf8mb4_unicode_ci;

-- --------------------------------------------------------

--
-- Table structure for table `blogs`
--

CREATE TABLE `blogs` (
  `id` bigint(20) UNSIGNED NOT NULL,
  `title` varchar(512) NOT NULL,
  `slug` varchar(512) NOT NULL,
  `description` text DEFAULT NULL,
  `image` varchar(512) NOT NULL,
  `tags` varchar(191) DEFAULT NULL,
  `views` int(11) NOT NULL DEFAULT 0,
  `created_at` timestamp NULL DEFAULT NULL,
  `updated_at` timestamp NULL DEFAULT NULL
) ENGINE=InnoDB DEFAULT CHARSET=utf8mb4 COLLATE=utf8mb4_unicode_ci;

-- --------------------------------------------------------

--
-- Table structure for table `categories`
--

CREATE TABLE `categories` (
  `id` bigint(20) UNSIGNED NOT NULL,
  `sequence` int(11) DEFAULT NULL,
  `name` varchar(191) NOT NULL,
  `image` varchar(191) NOT NULL,
  `parent_category_id` bigint(20) UNSIGNED DEFAULT NULL,
  `description` text DEFAULT NULL,
  `status` tinyint(1) NOT NULL DEFAULT 1,
  `created_at` timestamp NULL DEFAULT NULL,
  `updated_at` timestamp NULL DEFAULT NULL,
  `slug` varchar(512) NOT NULL
) ENGINE=InnoDB DEFAULT CHARSET=utf8mb4 COLLATE=utf8mb4_unicode_ci;

--
-- Dumping data for table `categories`
--

INSERT INTO `categories` (`id`, `sequence`, `name`, `image`, `parent_category_id`, `description`, `status`, `created_at`, `updated_at`, `slug`) VALUES
(11, 6, 'Electronics', 'category/66137eb769ca60.654202291712553655.jpg', NULL, NULL, 1, '2024-03-20 10:00:54', '2025-04-13 03:07:13', 'electronics'),
(13, 0, 'Headphones', 'category/65fab5555b8733.342808031710929237.jpg', 11, NULL, 1, '2024-03-20 10:07:18', '2024-06-11 09:10:32', 'headphones'),
(14, 3, 'Home Theater', 'category/65fbcd1cdc9ba6.491371181711000860.jpg', 11, NULL, 1, '2024-03-20 10:07:38', '2024-06-11 09:10:32', 'home-theater'),
(15, 4, 'Home appliances', 'category/6603d07a16fd32.230494361711526010.jpg', NULL, NULL, 1, '2024-03-20 10:11:40', '2025-04-13 03:07:13', 'home-appliances'),
(16, 1, 'Speakers', 'category/6602ababd567a7.212991451711451051.jpg', 11, NULL, 1, '2024-03-20 10:13:40', '2024-06-11 09:10:32', 'speakers'),
(17, 11, 'Sports Equipment', 'category/6603d062b808c4.404623721711525986.jpg', NULL, NULL, 1, '2024-03-20 10:28:39', '2025-04-13 03:07:13', 'sports-equipment'),
(18, 8, 'Furniture, Home & Garden', 'category/6603d0887119a9.566912021711526024.jpg', NULL, NULL, 1, '2024-03-20 10:31:29', '2025-04-13 03:07:13', 'furniture-home-garden'),
(19, 9, 'Clothing & Accessories', 'category/6603d096a3ef28.856776041711526038.jpg', NULL, NULL, 1, '2024-03-20 10:40:40', '2025-04-13 03:07:13', 'clothing-accessories'),
(20, 12, 'Jewelry & Watches', 'category/6603d0a53ba016.832862301711526053.jpg', NULL, NULL, 1, '2024-03-20 10:47:26', '2025-04-13 03:07:13', 'jewelry-watches'),
(21, 13, 'Cameras & Imaging', 'category/6603d1079a8878.505230521711526151.jpg', NULL, NULL, 1, '2024-03-20 10:51:15', '2025-04-13 03:07:13', 'cameras-imaging'),
(22, 5, 'Consoles and Video Games', 'category/6603d0e65974b2.047822881711526118.jpg', NULL, NULL, 1, '2024-03-20 10:53:43', '2025-04-13 03:07:13', 'consoles-and-video-games'),
(23, 14, 'Computers & Networking', 'category/6603cfc0e1e572.559917621711525824.jpg', NULL, NULL, 1, '2024-03-20 10:56:55', '2025-04-13 03:07:13', 'computers-networking'),
(24, 7, 'Musical Instruments', 'category/6603d0f69cd3a1.090499941711526134.jpg', NULL, NULL, 1, '2024-03-20 11:29:49', '2025-04-13 03:07:13', 'musical-instruments'),
(25, 10, 'Pets', 'category/6603d04dd4c369.978837651711525965.jpg', NULL, NULL, 1, '2024-03-20 11:32:20', '2025-04-13 03:07:13', 'pets'),
(26, 3, 'Mobile Phones & Tablets', 'category/6603d0bf01a963.643090841711526079.jpg', NULL, NULL, 1, '2024-03-20 11:37:56', '2025-04-13 03:07:13', 'mobile-phones-tablets'),
(36, 2, 'VR Headsets', 'category/6602abc0cb3d65.489054071711451072.jpg', 11, NULL, 1, '2024-03-21 06:04:27', '2024-06-11 09:10:32', 'vr-headsets'),
(62, 1, 'Cat', 'category/65fd14a77ba6c8.541979691711084711.jpg', 25, NULL, 1, '2024-03-22 05:18:31', '2024-06-11 09:10:32', 'cat'),
(64, 0, 'Dog', 'category/65fd207e7cf930.770451591711087742.jpeg', 25, NULL, 1, '2024-03-22 06:09:02', '2024-06-11 09:10:32', 'dog'),
(90, 4, 'Televisions', 'category/6602abd30aac36.519494601711451091.jpg', 11, NULL, 1, '2024-03-26 07:11:35', '2024-06-11 09:10:32', 'televisions'),
(91, 5, 'Smart Watches', 'category/6602abe938b665.099432441711451113.jpg', 11, NULL, 1, '2024-03-26 07:12:14', '2024-06-11 09:10:32', 'smart-watches'),
(101, NULL, 'Refrigerators & Freezers', 'category/6602ac46e90d52.888292971711451206.jpg', 15, NULL, 1, '2024-03-26 10:45:44', '2024-06-11 09:10:32', 'refrigerators-freezers'),
(102, NULL, 'Air Conditioners', 'category/6602ac73533dc1.470371501711451251.jpg', 15, NULL, 1, '2024-03-26 10:46:34', '2024-06-11 09:10:32', 'air-conditioners'),
(104, 2, 'Cars & Vehicles', 'category/6603d058270363.513535031711525976.jpg', NULL, NULL, 1, '2024-03-26 11:09:49', '2025-04-13 03:07:13', 'cars-vehicles'),
(105, NULL, 'Washing Machines', 'category/6602ad7f81fb85.539163581711451519.jpg', 15, NULL, 1, '2024-03-26 11:11:59', '2024-06-11 09:10:32', 'washing-machines'),
(106, NULL, 'Water Coolers', 'category/6602ade09bccf3.458487971711451616.jpg', 15, NULL, 1, '2024-03-26 11:13:36', '2024-06-11 09:10:32', 'water-coolers'),
(107, NULL, 'Blenders & Juicers', 'category/6602adf7815568.660806501711451639.jpg', 15, NULL, 1, '2024-03-26 11:13:59', '2024-06-11 09:10:32', 'blenders-juicers'),
(111, NULL, 'Dishwashers', 'category/6602ae74a238b2.573018451711451764.jpg', 15, NULL, 1, '2024-03-26 11:16:04', '2024-06-11 09:10:32', 'dishwashers'),
(116, NULL, 'Fryers', 'category/6602afcef07ae7.519287291711452110.jpg', 15, NULL, 1, '2024-03-26 11:21:51', '2024-06-11 09:10:32', 'fryers'),
(117, NULL, 'Hot Plates & Grills', 'category/6602b3b5be1aa3.128061291711453109.jpg', 15, NULL, 1, '2024-03-26 11:22:20', '2024-06-11 09:10:32', 'hot-plates-grills'),
(130, 3, 'Cars', 'category/6602b4cb31cb53.979877791711453387.jpg', 104, NULL, 1, '2024-03-26 11:43:07', '2024-06-11 09:10:32', 'cars'),
(131, 0, 'Motorcycles and Scooters', 'category/6602b4d94e3936.423541351711453401.jpg', 104, NULL, 1, '2024-03-26 11:43:21', '2024-06-11 09:10:32', 'motorcycles-and-scooters'),
(132, 1, 'Heavy Vehicles', 'category/6602b4e4d76347.537754841711453412.jpg', 104, NULL, 1, '2024-03-26 11:43:32', '2024-06-11 09:10:32', 'heavy-vehicles'),
(133, 2, 'Auto Accessories & Parts', 'category/6602b4f0175724.711072951711453424.jpg', 104, NULL, 1, '2024-03-26 11:43:44', '2024-06-11 09:10:32', 'auto-accessories-parts'),
(134, NULL, 'Abarth', 'category/6602b5b7e47f66.859654471711453623.jpg', 130, NULL, 1, '2024-03-26 11:47:03', '2024-06-11 09:10:32', 'abarth'),
(135, NULL, 'Alfa Romeo', 'category/6602b5d68f3bb5.309353941711453654.jpg', 130, NULL, 1, '2024-03-26 11:47:34', '2024-06-11 09:10:32', 'alfa-romeo'),
(137, NULL, 'Audi', 'category/6602b72150f920.572397421711453985.jpg', 130, NULL, 1, '2024-03-26 11:53:05', '2024-06-11 09:10:32', 'audi'),
(138, NULL, 'BMW', 'category/6602b72e700c82.559626601711453998.jpg', 130, NULL, 1, '2024-03-26 11:53:18', '2024-07-08 06:25:13', 'bmw-1'),
(139, NULL, 'KTM', 'category/6602b8d3d6acc1.028770901711454419.jpg', 131, NULL, 1, '2024-03-26 12:00:19', '2024-06-11 09:10:32', 'ktm'),
(140, NULL, 'BMW', 'category/6602b8e82d1437.729325241711454440.jpg', 131, NULL, 1, '2024-03-26 12:00:40', '2024-06-11 09:10:32', 'bmw'),
(141, NULL, 'TVS', 'category/6602b9e71e4c45.481791951711454695.jpg', 131, NULL, 1, '2024-03-26 12:04:55', '2024-06-11 09:10:32', 'tvs'),
(142, NULL, 'Suzuki', 'category/6602ba4ad99e23.718440261711454794.jpg', 131, NULL, 1, '2024-03-26 12:06:34', '2024-06-11 09:10:32', 'suzuki'),
(143, NULL, 'Trucks', 'category/6602bc51121813.797623711711455313.jpg', 132, NULL, 1, '2024-03-26 12:15:13', '2024-06-11 09:10:32', 'trucks'),
(144, NULL, 'Buses', 'category/6602bc675aa227.864226581711455335.jpg', 132, NULL, 1, '2024-03-26 12:15:35', '2024-06-11 09:10:32', 'buses'),
(145, NULL, 'Forklifts', 'category/6602bc870aa351.191026421711455367.jpg', 132, NULL, 1, '2024-03-26 12:16:07', '2024-06-11 09:10:32', 'forklifts'),
(148, NULL, 'Shoes', 'category/660507be3313a3.028146371711605694.jpg', 19, NULL, 1, '2024-03-28 06:01:34', '2024-06-11 09:10:32', 'shoes'),
(149, NULL, 'Cycling', 'category/66051218ded596.276381761711608344.jpg', 17, NULL, 1, '2024-03-28 06:45:44', '2024-06-11 09:10:32', 'cycling'),
(150, NULL, 'Rafting', 'category/660512cacb7255.757032111711608522.jpg', 17, NULL, 1, '2024-03-28 06:46:46', '2024-06-11 09:10:32', 'rafting'),
(151, NULL, 'Exercise Accessories', 'category/66051286185f71.330224071711608454.jpg', 17, NULL, 1, '2024-03-28 06:47:34', '2024-06-11 09:10:32', 'exercise-accessories'),
(152, NULL, 'Curtains & Blinds', 'category/6605130ee903b5.737715321711608590.jpg', 18, NULL, 1, '2024-03-28 06:49:50', '2024-06-11 09:10:32', 'curtains-blinds'),
(153, NULL, 'Furniture', 'category/66051326a079c6.561634371711608614.jpg', 18, NULL, 1, '2024-03-28 06:50:14', '2024-06-11 09:10:32', 'furniture'),
(155, NULL, 'Garden & Outdoor', 'category/66051351148698.335361641711608657.jpg', 18, NULL, 1, '2024-03-28 06:50:57', '2024-06-11 09:10:32', 'garden-outdoor'),
(157, NULL, 'Rugs & Carpets', 'category/6605138757ebd6.119564601711608711.jpg', 18, NULL, 1, '2024-03-28 06:51:51', '2024-06-11 09:10:32', 'rugs-carpets'),
(159, NULL, 'Women', 'category/6605162c4cfb46.812303001711609388.jpg', 20, NULL, 1, '2024-03-28 07:03:08', '2024-06-11 09:10:32', 'women'),
(160, NULL, 'Men\'s Watches', 'category/660516a5c12ca7.260579211711609509.jpg', 20, NULL, 1, '2024-03-28 07:05:09', '2024-06-11 09:10:32', 'mens-watches'),
(161, NULL, 'Women\'s Watches', 'category/660516e03ae272.479606711711609568.jpg', 20, NULL, 1, '2024-03-28 07:06:08', '2024-06-11 09:10:32', 'womens-watches'),
(162, NULL, 'Clothing', 'category/6605177bbb40e1.280147131711609723.jpg', 19, NULL, 1, '2024-03-28 07:08:43', '2024-06-11 09:10:32', 'clothing'),
(163, NULL, 'Bags & Wallets', 'category/660517ba89eac3.681531241711609786.jpg', 19, NULL, 1, '2024-03-28 07:09:46', '2024-06-11 09:10:32', 'bags-wallets'),
(165, NULL, 'Woman\'s Accessories', 'category/66051862120550.010737621711609954.jpg', 19, NULL, 1, '2024-03-28 07:12:34', '2024-06-11 09:10:32', 'womans-accessories'),
(167, NULL, 'Make up & Skin Care', 'category/660518e58d9969.087304691711610085.jpg', 19, NULL, 1, '2024-03-28 07:14:45', '2024-06-11 09:10:32', 'make-up-skin-care'),
(211, 6, 'Other', 'category/663467a60cf895.857023211714710438.png', 11, NULL, 1, '2024-05-03 04:24:01', '2024-07-08 06:25:13', 'other-1'),
(212, NULL, 'Other', 'category/66346806604308.371284561714710534.png', 15, NULL, 1, '2024-05-03 04:28:54', '2024-07-08 06:25:13', 'other-2'),
(213, NULL, 'Other', 'category/663468514230b0.766782881714710609.png', 17, NULL, 1, '2024-05-03 04:30:09', '2024-07-08 06:25:13', 'other-3'),
(214, NULL, 'Other', 'category/6634687bbb2127.649513141714710651.png', 18, NULL, 1, '2024-05-03 04:30:51', '2024-07-08 06:25:13', 'other-4'),
(215, NULL, 'Other', 'category/663468ae1b6f30.066468001714710702.png', 19, NULL, 1, '2024-05-03 04:31:42', '2024-07-08 06:25:13', 'other-5'),
(216, NULL, 'Other', 'category/663468ccad8f42.078969431714710732.png', 20, NULL, 1, '2024-05-03 04:32:12', '2024-07-08 06:25:13', 'other-6'),
(217, 2, 'Other', 'category/6634691a6f23f3.908601201714710810.png', 25, NULL, 1, '2024-05-03 04:33:30', '2024-07-08 06:25:13', 'other-7'),
(218, 4, 'Other', 'category/6634692c9b2103.895819631714710828.png', 104, NULL, 1, '2024-05-03 04:33:48', '2024-06-11 09:10:32', 'other'),
(219, 1, 'Property', 'category/6634709da6a109.830075061714712733.jpg', NULL, NULL, 1, '2024-05-03 05:00:15', '2025-04-13 03:07:13', 'property'),
(220, NULL, 'Property For Sale', 'category/66347e46c14c51.971293161714716230.jpg', 219, NULL, 1, '2024-05-03 06:03:51', '2024-06-11 09:10:32', 'property-for-sale'),
(222, NULL, 'Property For Rent', 'category/66347e650b01a6.917134911714716261.jpg', 219, NULL, 1, '2024-05-03 06:04:21', '2024-06-11 09:10:32', 'property-for-rent'),
(225, NULL, 'Apartment', 'category/6634927200dfb9.760082891714721394.jpg', 220, NULL, 1, '2024-05-03 07:29:54', '2024-06-11 09:10:32', 'apartment'),
(226, NULL, 'Houses', 'category/663492ac3badf1.219806341714721452.jpg', 220, NULL, 1, '2024-05-03 07:30:52', '2024-07-08 06:25:13', 'houses-1'),
(227, NULL, 'Lands', 'category/663492b88e6c37.766296511714721464.jpg', 220, NULL, 1, '2024-05-03 07:31:04', '2024-07-08 06:25:13', 'lands-1'),
(228, NULL, 'Villa', 'category/663492c321c940.278635711714721475.jpg', 220, NULL, 1, '2024-05-03 07:31:15', '2024-07-08 06:25:13', 'villa-1'),
(229, NULL, 'Flat', 'category/663492ce2d3c71.954307631714721486.jpg', 220, NULL, 1, '2024-05-03 07:31:26', '2024-07-08 06:25:13', 'flat-1'),
(230, NULL, 'Farm House', 'category/663492d89e2743.530857541714721496.jpg', 220, NULL, 1, '2024-05-03 07:31:36', '2024-07-08 06:25:13', 'farm-house-1'),
(231, NULL, 'Residential Building', 'category/663492e36ae6f3.555490751714721507.jpg', 220, NULL, 1, '2024-05-03 07:31:47', '2024-06-11 09:10:32', 'residential-building'),
(232, NULL, 'Residential Floor', 'category/663492ef4648f7.124566051714721519.jpg', 220, NULL, 1, '2024-05-03 07:31:59', '2024-06-11 09:10:32', 'residential-floor'),
(233, NULL, 'Office', 'category/663492fb2ed4c0.307247751714721531.jpg', 220, NULL, 1, '2024-05-03 07:32:11', '2024-06-11 09:10:32', 'office'),
(234, NULL, 'Shop', 'category/66349305c8edb6.307469941714721541.jpg', 220, NULL, 1, '2024-05-03 07:32:21', '2024-06-11 09:10:32', 'shop'),
(235, NULL, 'Warehouse', 'category/66349310549360.802807191714721552.jpg', 220, NULL, 1, '2024-05-03 07:32:32', '2024-06-11 09:10:32', 'warehouse'),
(236, NULL, 'Showroom', 'category/6634931b855834.252410341714721563.jpg', 220, NULL, 1, '2024-05-03 07:32:43', '2024-06-11 09:10:32', 'showroom'),
(237, NULL, 'Houses', 'category/6634b1ef38eb52.960992311714729455.jpg', 222, NULL, 1, '2024-05-03 09:44:15', '2024-06-11 09:10:32', 'houses'),
(238, NULL, 'Offices', 'category/6634b1fd5c72a3.586364821714729469.jpg', 222, NULL, 1, '2024-05-03 09:44:29', '2024-06-11 09:10:32', 'offices'),
(239, NULL, 'Apartments', 'category/6634b2093b2ee2.314330931714729481.jpg', 222, NULL, 1, '2024-05-03 09:44:41', '2024-06-11 09:10:32', 'apartments'),
(240, NULL, 'Lands', 'category/6634b214d4bc13.016681171714729492.jpg', 222, NULL, 1, '2024-05-03 09:44:52', '2024-06-11 09:10:32', 'lands'),
(241, NULL, 'Villa', 'category/6634b21e31b5d2.848268921714729502.jpg', 222, NULL, 1, '2024-05-03 09:45:02', '2024-06-11 09:10:32', 'villa'),
(242, NULL, 'Flat', 'category/6634b2286f12b6.667619141714729512.jpg', 222, NULL, 1, '2024-05-03 09:45:12', '2024-06-11 09:10:32', 'flat'),
(243, NULL, 'Farm House', 'category/6634b258114963.827261661714729560.jpg', 222, NULL, 1, '2024-05-03 09:46:00', '2024-06-11 09:10:32', 'farm-house');

-- --------------------------------------------------------

--
-- Table structure for table `category_translations`
--

CREATE TABLE `category_translations` (
  `id` bigint(20) UNSIGNED NOT NULL,
  `category_id` bigint(20) UNSIGNED NOT NULL,
  `language_id` bigint(20) UNSIGNED NOT NULL,
  `name` varchar(125) NOT NULL,
  `created_at` timestamp NULL DEFAULT NULL,
  `updated_at` timestamp NULL DEFAULT NULL
) ENGINE=InnoDB DEFAULT CHARSET=utf8mb4 COLLATE=utf8mb4_unicode_ci;

--
-- Dumping data for table `category_translations`
--

INSERT INTO `category_translations` (`id`, `category_id`, `language_id`, `name`, `created_at`, `updated_at`) VALUES
(1, 104, 2, 'Voitures et véhicules', '2024-07-09 09:39:42', '2024-07-09 09:39:42'),
(2, 104, 3, 'Autos & Fahrzeuge', '2024-07-09 09:39:42', '2024-07-09 09:39:42'),
(3, 104, 4, 'سيارات ومركبات', '2024-07-09 09:39:42', '2024-07-09 09:39:42'),
(4, 104, 5, 'கார்கள் மற்றும் வாகனங்கள்', '2024-07-09 09:39:42', '2024-07-09 09:39:42'),
(5, 104, 6, 'Carros e Veículos', '2024-07-09 09:39:42', '2024-07-09 09:39:42'),
(6, 104, 7, 'Mobil & Kendaraan', '2024-07-09 09:39:42', '2024-07-09 09:39:42'),
(7, 104, 8, '자동차 및 차량', '2024-07-09 09:39:42', '2024-07-09 09:39:42'),
(8, 104, 9, '汽车与车辆', '2024-07-09 09:39:42', '2024-07-09 09:39:42'),
(9, 104, 10, 'Автомобили и транспортные средства', '2024-07-09 09:39:42', '2024-07-09 09:39:42'),
(10, 104, 11, 'Auto e Veicoli', '2024-07-09 09:39:42', '2024-07-09 09:39:42'),
(11, 104, 12, 'গাড়ি ও যানবাহন', '2024-07-09 09:39:42', '2024-07-09 09:39:42'),
(12, 17, 2, 'Équipement sportif', '2024-07-09 09:41:00', '2024-07-09 09:41:00'),
(13, 17, 3, 'Sportausrüstung', '2024-07-09 09:41:00', '2024-07-09 09:41:00'),
(14, 17, 4, 'معدات رياضية', '2024-07-09 09:41:00', '2024-07-09 09:41:00'),
(15, 17, 5, 'விளையாட்டு உபகரணங்கள்', '2024-07-09 09:41:00', '2024-07-09 09:41:00'),
(16, 17, 6, 'Equipamento Esportivo', '2024-07-09 09:41:00', '2024-07-09 09:41:00'),
(17, 17, 7, 'Peralatan Olahraga', '2024-07-09 09:41:00', '2024-07-09 09:41:00'),
(18, 17, 8, '스포츠 장비', '2024-07-09 09:41:00', '2024-07-09 09:41:00'),
(19, 17, 9, '体育器材', '2024-07-09 09:41:00', '2024-07-09 09:41:00'),
(20, 17, 10, 'Спортивное оборудование', '2024-07-09 09:41:00', '2024-07-09 09:41:00'),
(21, 17, 11, 'Attrezzatura Sportiva', '2024-07-09 09:41:00', '2024-07-09 09:41:00'),
(22, 17, 12, 'ক্রীড়া সরঞ্জাম', '2024-07-09 09:41:00', '2024-07-09 09:41:00'),
(23, 25, 2, 'Animaux de compagnie', '2024-07-09 09:41:56', '2024-07-09 09:41:56'),
(24, 25, 3, 'Haustiere', '2024-07-09 09:41:56', '2024-07-09 09:41:56'),
(25, 25, 4, 'حيوانات أليفة', '2024-07-09 09:41:56', '2024-07-09 09:41:56'),
(26, 25, 5, 'செல்லப்பிராணிகள்', '2024-07-09 09:41:56', '2024-07-09 09:41:56'),
(27, 25, 6, 'Animais de Estimação', '2024-07-09 09:41:56', '2024-07-09 09:41:56'),
(28, 25, 7, 'Hewan Peliharaan', '2024-07-09 09:41:56', '2024-07-09 09:41:56'),
(29, 25, 8, '애완동물', '2024-07-09 09:41:56', '2024-07-09 09:41:56'),
(30, 25, 9, '宠物', '2024-07-09 09:41:56', '2024-07-09 09:41:56'),
(31, 25, 10, 'Домашние животные', '2024-07-09 09:41:56', '2024-07-09 09:41:56'),
(32, 25, 11, 'Animali Domestici', '2024-07-09 09:41:56', '2024-07-09 09:41:56'),
(33, 25, 12, 'পোষা প্রাণী', '2024-07-09 09:41:56', '2024-07-09 09:41:56'),
(34, 19, 2, 'Vêtements et accessoires', '2024-07-09 09:42:58', '2024-07-09 09:42:58'),
(35, 19, 3, 'Kleidung & Accessoires', '2024-07-09 09:42:58', '2024-07-09 09:42:58'),
(36, 19, 4, 'ملابس وإكسسوارات', '2024-07-09 09:42:58', '2024-07-09 09:42:58'),
(37, 19, 5, 'உடைகள் மற்றும் உபகரணங்கள்', '2024-07-09 09:42:58', '2024-07-09 09:42:58'),
(38, 19, 6, 'Roupas e Acessórios', '2024-07-09 09:42:58', '2024-07-09 09:42:58'),
(39, 19, 7, 'Pakaian & Aksesoris', '2024-07-09 09:42:58', '2024-07-09 09:42:58'),
(40, 19, 8, '의류 및 액세서리', '2024-07-09 09:42:58', '2024-07-09 09:42:58'),
(41, 19, 9, '服装和配饰', '2024-07-09 09:42:58', '2024-07-09 09:42:58'),
(42, 19, 10, 'Одежда и аксессуары', '2024-07-09 09:42:58', '2024-07-09 09:42:58'),
(43, 19, 11, 'Abbigliamento e Accessori', '2024-07-09 09:42:58', '2024-07-09 09:42:58'),
(44, 19, 12, 'পোশাক ও আনুষাঙ্গিক', '2024-07-09 09:42:58', '2024-07-09 09:42:58'),
(45, 26, 2, 'Téléphones mobiles et tablettes', '2024-07-09 09:44:01', '2024-07-09 09:44:01'),
(46, 26, 3, 'Handys & Tablets', '2024-07-09 09:44:01', '2024-07-09 09:44:01'),
(47, 26, 4, 'الهواتف المحمولة والأجهزة اللوحية', '2024-07-09 09:44:01', '2024-07-09 09:44:01'),
(48, 26, 5, 'மொபைல் போன்கள் மற்றும் டேப்ளெட்டுகள்', '2024-07-09 09:44:01', '2024-07-09 09:44:01'),
(49, 26, 6, 'Telemóveis e Tablets', '2024-07-09 09:44:01', '2024-07-09 09:44:01'),
(50, 26, 7, 'Ponsel & Tablet', '2024-07-09 09:44:01', '2024-07-09 09:44:01'),
(51, 26, 8, '휴대폰 및 태블릿', '2024-07-09 09:44:01', '2024-07-09 09:44:01'),
(52, 26, 9, '手机和平板电脑', '2024-07-09 09:44:01', '2024-07-09 09:44:01'),
(53, 26, 10, 'Мобильные телефоны и планшеты', '2024-07-09 09:44:01', '2024-07-09 09:44:01'),
(54, 26, 11, 'Cellulari e Tablet', '2024-07-09 09:44:01', '2024-07-09 09:44:01'),
(55, 26, 12, 'মোবাইল ফোন ও ট্যাবলেট', '2024-07-09 09:44:01', '2024-07-09 09:44:01'),
(56, 18, 2, 'Meubles, maison et jardin', '2024-07-09 09:45:21', '2024-07-09 09:45:21'),
(57, 18, 3, 'Möbel, Zuhause & Garten', '2024-07-09 09:45:21', '2024-07-09 09:45:21'),
(58, 18, 4, 'الأثاث، المنزل والحديقة', '2024-07-09 09:45:21', '2024-07-09 09:45:21'),
(59, 18, 5, 'மரச்சாமான்கள், வீடு மற்றும் தோட்டம்', '2024-07-09 09:45:21', '2024-07-09 09:45:21'),
(60, 18, 6, 'Móveis, Casa e Jardim', '2024-07-09 09:45:21', '2024-07-09 09:45:21'),
(61, 18, 7, 'Perabotan, Rumah & Taman', '2024-07-09 09:45:21', '2024-07-09 09:45:21'),
(62, 18, 8, '가구, 가정 및 정원', '2024-07-09 09:45:21', '2024-07-09 09:45:21'),
(63, 18, 9, '家具、家居和花园', '2024-07-09 09:45:21', '2024-07-09 09:45:21'),
(64, 18, 10, 'Мебель, дом и сад', '2024-07-09 09:45:21', '2024-07-09 09:45:21'),
(65, 18, 11, 'Mobili, Casa e Giardino', '2024-07-09 09:45:21', '2024-07-09 09:45:21'),
(66, 18, 12, 'আসবাবপত্র, বাড়ি ও বাগান', '2024-07-09 09:45:21', '2024-07-09 09:45:21'),
(67, 24, 2, 'Instruments de musique', '2024-07-09 09:46:48', '2024-07-09 09:46:48'),
(68, 24, 3, 'Musikinstrumente', '2024-07-09 09:46:48', '2024-07-09 09:46:48'),
(69, 24, 4, 'الآلات الموسيقية', '2024-07-09 09:46:48', '2024-07-09 09:46:48'),
(70, 24, 5, 'இசைக்கருவிகள்', '2024-07-09 09:46:48', '2024-07-09 09:46:48'),
(71, 24, 6, 'Instrumentos Musicais', '2024-07-09 09:46:48', '2024-07-09 09:46:48'),
(72, 24, 7, 'Alat Musik', '2024-07-09 09:46:48', '2024-07-09 09:46:48'),
(73, 24, 8, '악기', '2024-07-09 09:46:48', '2024-07-09 09:46:48'),
(74, 24, 9, '乐器', '2024-07-09 09:46:48', '2024-07-09 09:46:48'),
(75, 24, 10, 'Музыкальные инструменты', '2024-07-09 09:46:48', '2024-07-09 09:46:48'),
(76, 24, 11, 'Strumenti Musicali', '2024-07-09 09:46:48', '2024-07-09 09:46:48'),
(77, 24, 12, 'বাদ্যযন্ত্র', '2024-07-09 09:46:48', '2024-07-09 09:46:48'),
(78, 22, 2, 'Consoles et jeux vidéo', '2024-07-09 09:47:57', '2024-07-09 09:47:57'),
(79, 22, 3, 'Konsolen und Videospiele', '2024-07-09 09:47:57', '2024-07-09 09:47:57'),
(80, 22, 4, 'أجهزة الألعاب وألعاب الفيديو', '2024-07-09 09:47:57', '2024-07-09 09:47:57'),
(81, 22, 5, 'கான்சோல்களும் வீடியோ கேம்களும்', '2024-07-09 09:47:57', '2024-07-09 09:47:57'),
(82, 22, 6, 'Consoles e Videojogos', '2024-07-09 09:47:57', '2024-07-09 09:47:57'),
(83, 22, 7, 'Konsol dan Video Game', '2024-07-09 09:47:57', '2024-07-09 09:47:57'),
(84, 22, 8, '콘솔 및 비디오 게임', '2024-07-09 09:47:57', '2024-07-09 09:47:57'),
(85, 22, 9, '游戏机和视频游戏', '2024-07-09 09:47:57', '2024-07-09 09:47:57'),
(86, 22, 10, 'Консоли и видеоигры', '2024-07-09 09:47:57', '2024-07-09 09:47:57'),
(87, 22, 11, 'Console e Videogiochi', '2024-07-09 09:47:57', '2024-07-09 09:47:57'),
(88, 22, 12, 'কনসোল ও ভিডিও গেম', '2024-07-09 09:47:57', '2024-07-09 09:47:57'),
(100, 15, 2, 'Appareils électroménagers', '2024-07-09 09:49:13', '2024-07-09 09:49:13'),
(101, 15, 3, 'Haushaltsgeräte', '2024-07-09 09:49:13', '2024-07-09 09:49:13'),
(102, 15, 4, 'أجهزة منزلية', '2024-07-09 09:49:13', '2024-07-09 09:49:13'),
(103, 15, 5, 'வீட்டு வாடிக்கைகள்', '2024-07-09 09:49:13', '2024-07-09 09:49:13'),
(104, 15, 6, 'Eletrodomésticos', '2024-07-09 09:49:13', '2024-07-09 09:49:13'),
(105, 15, 7, 'Perangkat Rumah Tangga', '2024-07-09 09:49:13', '2024-07-09 09:49:13'),
(106, 15, 8, '가전제품', '2024-07-09 09:49:13', '2024-07-09 09:49:13'),
(107, 15, 9, '家用电器', '2024-07-09 09:49:13', '2024-07-09 09:49:13'),
(108, 15, 10, 'Бытовая техника', '2024-07-09 09:49:13', '2024-07-09 09:49:13'),
(109, 15, 11, 'Elettrodomestici', '2024-07-09 09:49:13', '2024-07-09 09:49:13'),
(110, 15, 12, 'গৃহসজ্জা', '2024-07-09 09:49:13', '2024-07-09 09:49:13'),
(111, 11, 2, 'Électronique', '2024-07-09 10:10:36', '2024-07-09 10:10:36'),
(112, 11, 3, 'Elektronik', '2024-07-09 10:10:36', '2024-07-09 10:10:36'),
(113, 11, 4, 'الإلكترونيات', '2024-07-09 10:10:36', '2024-07-09 10:10:36'),
(114, 11, 5, 'மின்னணுக்கள்', '2024-07-09 10:10:36', '2024-07-09 10:10:36'),
(115, 11, 6, 'Eletrônicos', '2024-07-09 10:10:36', '2024-07-09 10:10:36'),
(116, 11, 7, 'Elektronik', '2024-07-09 10:10:36', '2024-07-09 10:10:36'),
(117, 11, 8, '전자제품', '2024-07-09 10:10:36', '2024-07-09 10:10:36'),
(118, 11, 9, '电子产品', '2024-07-09 10:10:36', '2024-07-09 10:10:36'),
(119, 11, 10, 'Электроника', '2024-07-09 10:10:36', '2024-07-09 10:10:36'),
(120, 11, 11, 'Elettronica', '2024-07-09 10:10:36', '2024-07-09 10:10:36'),
(121, 11, 12, 'ইলেকট্রনিক্স', '2024-07-09 10:10:36', '2024-07-09 10:10:36'),
(122, 20, 2, 'Bijoux et Montres', '2024-07-10 04:08:16', '2024-07-10 04:08:16'),
(123, 20, 3, 'Schmuck und Uhren', '2024-07-10 04:08:16', '2024-07-10 04:08:16'),
(124, 20, 4, 'المجوهرات والساعات', '2024-07-10 04:08:16', '2024-07-10 04:08:16'),
(125, 20, 5, 'நகைகள் மற்றும் கடிகாரங்கள்', '2024-07-10 04:08:16', '2024-07-10 04:08:16'),
(126, 20, 6, 'Joias e Relógios', '2024-07-10 04:08:16', '2024-07-10 04:08:16'),
(127, 20, 7, 'Perhiasan & Jam Tangan', '2024-07-10 04:08:16', '2024-07-10 04:08:16'),
(128, 20, 8, '보석 및 시계', '2024-07-10 04:08:16', '2024-07-10 04:08:16'),
(129, 20, 9, '珠宝和手表', '2024-07-10 04:08:16', '2024-07-10 04:08:16'),
(130, 20, 10, 'Ювелирные изделия и Часы', '2024-07-10 04:08:16', '2024-07-10 04:08:16'),
(131, 20, 11, 'Gioielli e Orologi', '2024-07-10 04:08:16', '2024-07-10 04:08:16'),
(132, 20, 12, 'গহনা ও ঘড়ি', '2024-07-10 04:08:16', '2024-07-10 04:08:16'),
(133, 21, 2, 'Appareils Photo et Imagerie', '2024-07-10 04:16:14', '2024-07-10 04:16:14'),
(134, 21, 3, 'Kameras und Bildgebung', '2024-07-10 04:16:14', '2024-07-10 04:16:14'),
(135, 21, 4, 'الكاميرات والتصوير', '2024-07-10 04:16:14', '2024-07-10 04:16:14'),
(136, 21, 5, 'கேமரா மற்றும் படப்பிடிப்பு', '2024-07-10 04:16:14', '2024-07-10 04:16:14'),
(137, 21, 6, 'Câmeras e Imagens', '2024-07-10 04:16:14', '2024-07-10 04:16:14'),
(138, 21, 7, 'Kamera & Pencitraan', '2024-07-10 04:16:14', '2024-07-10 04:16:14'),
(139, 21, 8, '카메라 및 이미지', '2024-07-10 04:16:14', '2024-07-10 04:16:14'),
(140, 21, 9, '相机和成像', '2024-07-10 04:16:14', '2024-07-10 04:16:14'),
(141, 21, 10, 'Камеры и Изображения', '2024-07-10 04:16:14', '2024-07-10 04:16:14'),
(142, 21, 11, 'Fotocamere e Imaging', '2024-07-10 04:16:14', '2024-07-10 04:16:14'),
(143, 21, 12, 'ক্যামেরা ও ইমেজিং', '2024-07-10 04:16:14', '2024-07-10 04:16:14'),
(144, 23, 2, 'Ordinateurs et Réseaux', '2024-07-10 04:21:29', '2024-07-10 04:21:29'),
(145, 23, 3, 'Computer und Netzwerke', '2024-07-10 04:21:29', '2024-07-10 04:21:29'),
(146, 23, 4, 'أجهزة الكمبيوتر والشبكات', '2024-07-10 04:21:29', '2024-07-10 04:21:29'),
(147, 23, 5, 'கணினிகள் மற்றும் நெட்வொர்க்கிங்', '2024-07-10 04:21:29', '2024-07-10 04:21:29'),
(148, 23, 6, 'Computadores e Redes', '2024-07-10 04:21:29', '2024-07-10 04:21:29'),
(149, 23, 7, 'Komputer & Jaringan', '2024-07-10 04:21:29', '2024-07-10 04:21:29'),
(150, 23, 8, '컴퓨터 및 네트워킹', '2024-07-10 04:21:29', '2024-07-10 04:21:29'),
(151, 23, 9, '计算机和网络', '2024-07-10 04:21:29', '2024-07-10 04:21:29'),
(152, 23, 10, 'Компьютеры и Сети', '2024-07-10 04:21:29', '2024-07-10 04:21:29'),
(153, 23, 11, 'Computer e Reti', '2024-07-10 04:21:29', '2024-07-10 04:21:29'),
(154, 23, 12, 'কম্পিউটার ও নেটওয়ার্কিং', '2024-07-10 04:21:29', '2024-07-10 04:21:29'),
(155, 219, 2, 'Propriété', '2024-07-10 04:24:16', '2024-07-10 04:24:16'),
(156, 219, 3, 'Eigentum', '2024-07-10 04:24:16', '2024-07-10 04:24:16'),
(157, 219, 4, 'ملكية', '2024-07-10 04:24:16', '2024-07-10 04:24:16'),
(158, 219, 5, 'சொத்து', '2024-07-10 04:24:16', '2024-07-10 04:24:16'),
(159, 219, 6, 'Propriedade', '2024-07-10 04:24:16', '2024-07-10 04:24:16'),
(160, 219, 7, 'Properti', '2024-07-10 04:24:16', '2024-07-10 04:24:16'),
(161, 219, 8, '부동산', '2024-07-10 04:24:16', '2024-07-10 04:24:16'),
(162, 219, 9, '房地产', '2024-07-10 04:24:16', '2024-07-10 04:24:16'),
(163, 219, 10, 'Недвижимость', '2024-07-10 04:24:16', '2024-07-10 04:24:16'),
(164, 219, 11, 'Proprietà', '2024-07-10 04:24:16', '2024-07-10 04:24:16'),
(165, 219, 12, 'সম্পত্তি', '2024-07-10 04:24:16', '2024-07-10 04:24:16');

-- --------------------------------------------------------

--
-- Table structure for table `chats`
--

CREATE TABLE `chats` (
  `id` bigint(20) UNSIGNED NOT NULL,
  `sender_id` bigint(20) UNSIGNED NOT NULL,
  `item_offer_id` bigint(20) UNSIGNED NOT NULL,
  `message` varchar(191) DEFAULT NULL,
  `file` varchar(191) DEFAULT NULL,
  `audio` varchar(191) DEFAULT NULL,
  `created_at` timestamp NULL DEFAULT NULL,
  `updated_at` timestamp NULL DEFAULT NULL,
  `is_read` tinyint(1) DEFAULT NULL
) ENGINE=InnoDB DEFAULT CHARSET=utf8mb4 COLLATE=utf8mb4_unicode_ci;

--
-- Dumping data for table `chats`
--

INSERT INTO `chats` (`id`, `sender_id`, `item_offer_id`, `message`, `file`, `audio`, `created_at`, `updated_at`, `is_read`) VALUES
(1, 4, 1, 'hello alaa', '', '', '2025-04-10 15:20:40', '2025-04-11 08:47:12', 1),
(2, 3, 2, 'hello', '', '', '2025-04-11 08:08:48', '2025-04-11 08:49:17', 1),
(3, 3, 2, 'how much is the price', '', '', '2025-04-11 08:08:52', '2025-04-11 08:49:17', 1),
(4, 5, 2, 'hello , 50$', '', '', '2025-04-11 08:47:29', '2025-04-11 08:49:59', 1);

-- --------------------------------------------------------

--
-- Table structure for table `cities`
--

CREATE TABLE `cities` (
  `id` bigint(20) UNSIGNED NOT NULL,
  `name` varchar(255) NOT NULL,
  `state_id` bigint(20) UNSIGNED NOT NULL,
  `state_code` varchar(255) NOT NULL,
  `country_id` bigint(20) UNSIGNED NOT NULL,
  `country_code` char(2) NOT NULL,
  `latitude` decimal(8,2) DEFAULT NULL,
  `longitude` decimal(8,2) DEFAULT NULL,
  `flag` tinyint(1) DEFAULT NULL,
  `wikiDataId` varchar(255) DEFAULT NULL,
  `created_at` timestamp NULL DEFAULT NULL,
  `updated_at` timestamp NULL DEFAULT NULL
) ENGINE=InnoDB DEFAULT CHARSET=utf8mb4 COLLATE=utf8mb4_unicode_ci;

--
-- Dumping data for table `cities`
--

INSERT INTO `cities` (`id`, `name`, `state_id`, `state_code`, `country_id`, `country_code`, `latitude`, `longitude`, `flag`, `wikiDataId`, `created_at`, `updated_at`) VALUES
(589, 'Belas', 222, 'LUA', 7, 'AO', '-9.07', '13.16', NULL, NULL, '2025-04-09 11:26:19', '2025-04-09 11:26:19'),
(590, 'Benguela', 218, 'BGU', 7, 'AO', '-12.58', '13.41', NULL, NULL, '2025-04-09 11:26:19', '2025-04-09 11:26:19'),
(591, 'Cabinda', 228, 'CAB', 7, 'AO', '-5.55', '12.20', NULL, NULL, '2025-04-09 11:26:19', '2025-04-09 11:26:19'),
(592, 'Caconda', 225, 'HUI', 7, 'AO', '-13.73', '15.07', NULL, NULL, '2025-04-09 11:26:19', '2025-04-09 11:26:19'),
(593, 'Caluquembe', 225, 'HUI', 7, 'AO', '-13.92', '14.53', NULL, NULL, '2025-04-09 11:26:19', '2025-04-09 11:26:19'),
(594, 'Camabatela', 217, 'CNO', 7, 'AO', '-8.19', '15.37', NULL, NULL, '2025-04-09 11:26:19', '2025-04-09 11:26:19'),
(595, 'Camacupa', 212, 'BIE', 7, 'AO', '-12.02', '17.48', NULL, NULL, '2025-04-09 11:26:19', '2025-04-09 11:26:19'),
(596, 'Catabola', 212, 'BIE', 7, 'AO', '-12.15', '17.28', NULL, NULL, '2025-04-09 11:26:19', '2025-04-09 11:26:19'),
(598, 'Caxito', 221, 'BGO', 7, 'AO', '-8.58', '13.66', NULL, NULL, '2025-04-09 11:26:19', '2025-04-09 11:26:19'),
(599, 'Cazaji', 220, 'LSU', 7, 'AO', '-11.07', '20.70', NULL, NULL, '2025-04-09 11:26:19', '2025-04-09 11:26:19'),
(600, 'Caála', 213, 'HUA', 7, 'AO', '-12.85', '15.56', NULL, NULL, '2025-04-09 11:26:19', '2025-04-09 11:26:19'),
(601, 'Chela', 213, 'HUA', 7, 'AO', '-12.30', '15.43', NULL, NULL, '2025-04-09 11:26:19', '2025-04-09 11:26:19'),
(602, 'Chibia', 225, 'HUI', 7, 'AO', '-15.24', '13.88', NULL, NULL, '2025-04-09 11:26:19', '2025-04-09 11:26:19'),
(603, 'Chicomba', 225, 'HUI', 7, 'AO', '-14.31', '14.99', NULL, NULL, '2025-04-09 11:26:19', '2025-04-09 11:26:19'),
(604, 'Chipindo', 225, 'HUI', 7, 'AO', '-13.87', '15.73', NULL, NULL, '2025-04-09 11:26:19', '2025-04-09 11:26:19'),
(605, 'Chissamba', 212, 'BIE', 7, 'AO', '-12.17', '17.33', NULL, NULL, '2025-04-09 11:26:19', '2025-04-09 11:26:19'),
(606, 'Cuito', 212, 'BIE', 7, 'AO', '-12.38', '16.93', NULL, NULL, '2025-04-09 11:26:19', '2025-04-09 11:26:19'),
(607, 'Cuvango', 225, 'HUI', 7, 'AO', '-14.28', '16.31', NULL, NULL, '2025-04-09 11:26:19', '2025-04-09 11:26:19'),
(608, 'Gambos', 225, 'HUI', 7, 'AO', '-15.81', '14.08', NULL, NULL, '2025-04-09 11:26:19', '2025-04-09 11:26:19'),
(609, 'Huambo', 213, 'HUA', 7, 'AO', '-12.78', '15.74', NULL, NULL, '2025-04-09 11:26:19', '2025-04-09 11:26:19'),
(610, 'Humpata', 225, 'HUI', 7, 'AO', '-15.07', '13.37', NULL, NULL, '2025-04-09 11:26:19', '2025-04-09 11:26:19'),
(611, 'Icolo e Bengo', 222, 'LUA', 7, 'AO', '-9.24', '13.74', NULL, NULL, '2025-04-09 11:26:19', '2025-04-09 11:26:19'),
(612, 'Jamba', 225, 'HUI', 7, 'AO', '-14.76', '15.83', NULL, NULL, '2025-04-09 11:26:19', '2025-04-09 11:26:19'),
(613, 'Lobito', 218, 'BGU', 7, 'AO', '-12.36', '13.54', NULL, NULL, '2025-04-09 11:26:19', '2025-04-09 11:26:19'),
(614, 'Longonjo', 213, 'HUA', 7, 'AO', '-12.91', '15.25', NULL, NULL, '2025-04-09 11:26:19', '2025-04-09 11:26:19'),
(615, 'Luanda', 222, 'LUA', 7, 'AO', '-8.84', '13.23', NULL, NULL, '2025-04-09 11:26:19', '2025-04-09 11:26:19'),
(616, 'Luau', 219, 'MOX', 7, 'AO', '-10.71', '22.22', NULL, NULL, '2025-04-09 11:26:19', '2025-04-09 11:26:19'),
(617, 'Lubango', 225, 'HUI', 7, 'AO', '-14.92', '13.49', NULL, NULL, '2025-04-09 11:26:19', '2025-04-09 11:26:19'),
(618, 'Lucapa', 223, 'LNO', 7, 'AO', '-8.68', '20.27', NULL, NULL, '2025-04-09 11:26:19', '2025-04-09 11:26:19'),
(619, 'Luena', 219, 'MOX', 7, 'AO', '-11.78', '19.92', NULL, NULL, '2025-04-09 11:26:19', '2025-04-09 11:26:19'),
(620, 'Lumeje', 219, 'MOX', 7, 'AO', '-11.55', '20.78', NULL, NULL, '2025-04-09 11:26:19', '2025-04-09 11:26:19'),
(621, 'Léua', 219, 'MOX', 7, 'AO', '-11.65', '20.45', NULL, NULL, '2025-04-09 11:26:19', '2025-04-09 11:26:19'),
(622, 'Malanje', 227, 'MAL', 7, 'AO', '-9.54', '16.34', NULL, NULL, '2025-04-09 11:26:19', '2025-04-09 11:26:19'),
(623, 'Matala', 225, 'HUI', 7, 'AO', '-15.24', '15.17', NULL, NULL, '2025-04-09 11:26:19', '2025-04-09 11:26:19'),
(624, 'Mbanza Congo', 214, 'ZAI', 7, 'AO', '-6.27', '14.24', NULL, NULL, '2025-04-09 11:26:19', '2025-04-09 11:26:19'),
(625, 'Menongue', 226, 'CCU', 7, 'AO', '-14.66', '17.69', NULL, NULL, '2025-04-09 11:26:19', '2025-04-09 11:26:19'),
(626, 'N\'zeto', 214, 'ZAI', 7, 'AO', '-7.23', '12.87', NULL, NULL, '2025-04-09 11:26:19', '2025-04-09 11:26:19'),
(627, 'N’dalatando', 217, 'CNO', 7, 'AO', '-9.30', '14.91', NULL, NULL, '2025-04-09 11:26:19', '2025-04-09 11:26:19'),
(628, 'Ondjiva', 215, 'CNN', 7, 'AO', '-17.07', '15.73', NULL, NULL, '2025-04-09 11:26:19', '2025-04-09 11:26:19'),
(629, 'Quibala', 216, 'CUS', 7, 'AO', '-10.73', '14.98', NULL, NULL, '2025-04-09 11:26:19', '2025-04-09 11:26:19'),
(630, 'Quilengues', 225, 'HUI', 7, 'AO', '-13.99', '13.77', NULL, NULL, '2025-04-09 11:26:19', '2025-04-09 11:26:19'),
(631, 'Quipungo', 225, 'HUI', 7, 'AO', '-15.12', '14.56', NULL, NULL, '2025-04-09 11:26:19', '2025-04-09 11:26:19'),
(632, 'Saurimo', 220, 'LSU', 7, 'AO', '-9.66', '20.39', NULL, NULL, '2025-04-09 11:26:19', '2025-04-09 11:26:19'),
(633, 'Soio', 214, 'ZAI', 7, 'AO', '-6.13', '12.37', NULL, NULL, '2025-04-09 11:26:19', '2025-04-09 11:26:19'),
(634, 'Sumbe', 216, 'CUS', 7, 'AO', '-11.21', '13.84', NULL, NULL, '2025-04-09 11:26:19', '2025-04-09 11:26:19'),
(635, 'Uacu Cungo', 216, 'CUS', 7, 'AO', '-11.36', '15.12', NULL, NULL, '2025-04-09 11:26:19', '2025-04-09 11:26:19'),
(636, 'Uíge', 224, 'UIG', 7, 'AO', '-7.61', '15.06', NULL, NULL, '2025-04-09 11:26:19', '2025-04-09 11:26:19'),
(153641, 'Cacuaco', 222, 'LUA', 7, 'AO', '-8.83', '13.30', NULL, NULL, '2025-04-09 11:26:19', '2025-04-09 11:26:19'),
(153642, 'Cazenga', 222, 'LUA', 7, 'AO', '-8.83', '13.27', NULL, NULL, '2025-04-09 11:26:19', '2025-04-09 11:26:19'),
(153643, 'Talatona', 222, 'LUA', 7, 'AO', '-8.90', '13.19', NULL, NULL, '2025-04-09 11:26:19', '2025-04-09 11:26:19'),
(153644, 'Viana', 222, 'LUA', 7, 'AO', '-8.90', '13.29', NULL, NULL, '2025-04-09 11:26:19', '2025-04-09 11:26:19'),
(153645, 'Ambriz', 221, 'BGO', 7, 'AO', '-7.86', '13.13', NULL, NULL, '2025-04-09 11:26:19', '2025-04-09 11:26:19'),
(153646, 'Bula Atumba', 221, 'BGO', 7, 'AO', '-7.31', '14.31', NULL, NULL, '2025-04-09 11:26:19', '2025-04-09 11:26:19'),
(153647, 'Dande', 221, 'BGO', 7, 'AO', '-8.11', '13.77', NULL, NULL, '2025-04-09 11:26:19', '2025-04-09 11:26:19'),
(153648, 'Muxima', 221, 'BGO', 7, 'AO', '-9.59', '13.53', NULL, NULL, '2025-04-09 11:26:19', '2025-04-09 11:26:19'),
(153649, 'Nambuangongo', 221, 'BGO', 7, 'AO', '-8.57', '13.66', NULL, NULL, '2025-04-09 11:26:19', '2025-04-09 11:26:19'),
(153650, 'Pango Aluquém', 221, 'BGO', 7, 'AO', '-8.55', '13.58', NULL, NULL, '2025-04-09 11:26:19', '2025-04-09 11:26:19'),
(153651, 'Úcua', 221, 'BGO', 7, 'AO', '-8.67', '13.68', NULL, NULL, '2025-04-09 11:26:19', '2025-04-09 11:26:19'),
(153652, 'Catumbela', 218, 'BGU', 7, 'AO', '-12.43', '13.55', NULL, NULL, '2025-04-09 11:26:19', '2025-04-09 11:26:19'),
(153653, 'Baía Farta', 218, 'BGU', 7, 'AO', '-12.58', '13.48', NULL, NULL, '2025-04-09 11:26:19', '2025-04-09 11:26:19'),
(153654, 'Balombo', 218, 'BGU', 7, 'AO', '-12.90', '13.60', NULL, NULL, '2025-04-09 11:26:19', '2025-04-09 11:26:19'),
(153655, 'Chongoroi', 218, 'BGU', 7, 'AO', '-12.79', '13.80', NULL, NULL, '2025-04-09 11:26:19', '2025-04-09 11:26:19'),
(153656, 'Bocoio', 218, 'BGU', 7, 'AO', '-12.53', '13.40', NULL, NULL, '2025-04-09 11:26:19', '2025-04-09 11:26:19'),
(153657, 'Ganda', 218, 'BGU', 7, 'AO', '-12.68', '14.42', NULL, NULL, '2025-04-09 11:26:19', '2025-04-09 11:26:19'),
(153658, 'Cubal', 218, 'BGU', 7, 'AO', '-12.59', '14.43', NULL, NULL, '2025-04-09 11:26:19', '2025-04-09 11:26:19'),
(153659, 'Caimbambo', 218, 'BGU', 7, 'AO', '-12.61', '14.42', NULL, NULL, '2025-04-09 11:26:19', '2025-04-09 11:26:19'),
(153660, 'Sumbe', 218, 'BGU', 7, 'AO', '-11.21', '13.84', NULL, NULL, '2025-04-09 11:26:19', '2025-04-09 11:26:19');

-- --------------------------------------------------------

--
-- Table structure for table `contact_us`
--

CREATE TABLE `contact_us` (
  `id` bigint(20) UNSIGNED NOT NULL,
  `name` varchar(191) NOT NULL,
  `email` varchar(191) NOT NULL,
  `subject` varchar(191) NOT NULL,
  `message` text NOT NULL,
  `created_at` timestamp NULL DEFAULT NULL,
  `updated_at` timestamp NULL DEFAULT NULL
) ENGINE=InnoDB DEFAULT CHARSET=utf8mb4 COLLATE=utf8mb4_unicode_ci;

-- --------------------------------------------------------

--
-- Table structure for table `countries`
--

CREATE TABLE `countries` (
  `id` bigint(20) UNSIGNED NOT NULL,
  `name` varchar(100) NOT NULL,
  `iso3` char(3) DEFAULT NULL,
  `numeric_code` char(3) DEFAULT NULL,
  `iso2` char(2) DEFAULT NULL,
  `phonecode` varchar(255) DEFAULT NULL,
  `capital` varchar(255) DEFAULT NULL,
  `currency` varchar(255) DEFAULT NULL,
  `currency_name` varchar(255) DEFAULT NULL,
  `currency_symbol` varchar(255) DEFAULT NULL,
  `tld` varchar(255) DEFAULT NULL,
  `native` varchar(255) DEFAULT NULL,
  `region` varchar(255) DEFAULT NULL,
  `region_id` int(11) DEFAULT NULL,
  `subregion` varchar(255) DEFAULT NULL,
  `subregion_id` int(11) DEFAULT NULL,
  `nationality` varchar(255) DEFAULT NULL,
  `timezones` text DEFAULT NULL,
  `translations` text DEFAULT NULL,
  `latitude` decimal(8,2) DEFAULT NULL,
  `longitude` decimal(8,2) DEFAULT NULL,
  `emoji` varchar(191) DEFAULT NULL,
  `emojiU` varchar(191) DEFAULT NULL,
  `flag` tinyint(1) DEFAULT NULL,
  `wikiDataId` varchar(255) DEFAULT NULL,
  `created_at` timestamp NULL DEFAULT NULL,
  `updated_at` timestamp NULL DEFAULT NULL
) ENGINE=InnoDB DEFAULT CHARSET=utf8mb4 COLLATE=utf8mb4_unicode_ci;

--
-- Dumping data for table `countries`
--

INSERT INTO `countries` (`id`, `name`, `iso3`, `numeric_code`, `iso2`, `phonecode`, `capital`, `currency`, `currency_name`, `currency_symbol`, `tld`, `native`, `region`, `region_id`, `subregion`, `subregion_id`, `nationality`, `timezones`, `translations`, `latitude`, `longitude`, `emoji`, `emojiU`, `flag`, `wikiDataId`, `created_at`, `updated_at`) VALUES
(7, 'Angola', 'AGO', '024', 'AO', NULL, 'Luanda', 'AOA', 'Angolan kwanza', 'Kz', '.ao', 'Angola', 'Africa', NULL, 'Middle Africa', NULL, 'Angolan', '[{\"zoneName\":\"Africa\\/Luanda\",\"gmtOffset\":3600,\"gmtOffsetName\":\"UTC+01:00\",\"abbreviation\":\"WAT\",\"tzName\":\"West Africa Time\"}]', '{\"kr\":\"\\uc559\\uace8\\ub77c\",\"pt-BR\":\"Angola\",\"pt\":\"Angola\",\"nl\":\"Angola\",\"hr\":\"Angola\",\"fa\":\"\\u0622\\u0646\\u06af\\u0648\\u0644\\u0627\",\"de\":\"Angola\",\"es\":\"Angola\",\"fr\":\"Angola\",\"ja\":\"\\u30a2\\u30f3\\u30b4\\u30e9\",\"it\":\"Angola\",\"cn\":\"\\u5b89\\u54e5\\u62c9\",\"tr\":\"Angola\"}', '-12.50', '18.50', '🇦🇴', 'U+1F1E6 U+1F1F4', NULL, NULL, '2025-04-09 11:26:19', '2025-04-09 11:26:19');

-- --------------------------------------------------------

--
-- Table structure for table `custom_fields`
--

CREATE TABLE `custom_fields` (
  `id` bigint(20) UNSIGNED NOT NULL,
  `name` varchar(191) NOT NULL,
  `type` varchar(191) NOT NULL,
  `image` varchar(191) NOT NULL,
  `required` tinyint(1) NOT NULL,
  `values` text DEFAULT NULL,
  `min_length` int(11) DEFAULT NULL,
  `max_length` int(11) DEFAULT NULL,
  `status` tinyint(1) NOT NULL DEFAULT 1,
  `created_at` timestamp NULL DEFAULT NULL,
  `updated_at` timestamp NULL DEFAULT NULL
) ENGINE=InnoDB DEFAULT CHARSET=utf8mb4 COLLATE=utf8mb4_unicode_ci;

--
-- Dumping data for table `custom_fields`
--

INSERT INTO `custom_fields` (`id`, `name`, `type`, `image`, `required`, `values`, `min_length`, `max_length`, `status`, `created_at`, `updated_at`) VALUES
(1, 'Voltage', 'textbox', 'custom-fields/6602bccb1e5b95.970322521711455435.svg', 0, NULL, 1, 20, 1, '2024-03-26 12:17:15', '2024-03-26 12:17:15'),
(2, 'Brand', 'textbox', 'custom-fields/6602bd1b955cf4.892091601711455515.svg', 1, NULL, 1, 50, 1, '2024-03-26 12:18:35', '2024-03-26 12:18:35'),
(3, 'Model', 'textbox', 'custom-fields/6602bd56832209.492445291711455574.svg', 1, NULL, 1, 60, 1, '2024-03-26 12:19:34', '2024-03-26 12:19:34'),
(4, 'Warranty', 'radio', 'custom-fields/6602bda407c8d9.153143041711455652.svg', 1, '[\"Yes\",\"No\"]', NULL, NULL, 1, '2024-03-26 12:20:52', '2024-04-16 07:18:04'),
(5, 'Material', 'textbox', 'custom-fields/6602be14081d38.414285001711455764.svg', 0, NULL, 1, 20, 1, '2024-03-26 12:22:06', '2024-03-26 12:22:44'),
(6, 'Features', 'textbox', 'custom-fields/6602be552ea9f6.708488391711455829.svg', 0, NULL, 1, 200, 1, '2024-03-26 12:23:49', '2024-03-28 09:16:32'),
(7, 'Body', 'textbox', 'custom-fields/6603a0c6b2afd5.879236091711513798.svg', 1, NULL, 1, 20, 1, '2024-03-27 04:29:58', '2024-03-27 04:30:09'),
(8, 'Color', 'radio', 'custom-fields/6603a129b7efd4.803282011711513897.svg', 1, '[\"Blue\",\"Black\",\"White\",\"Grey\",\"Maroon\",\"Brown\",\"Wooden\",\"Light Green\",\"Pink\",\"Orange\",\"Yellow\",\"Red\",\"Sky\",\"Jabli\"]', NULL, NULL, 1, '2024-03-27 04:31:37', '2024-04-16 06:15:59'),
(9, 'Mileage', 'number', 'custom-fields/6603a1925541e8.683517111711514002.svg', 1, NULL, 1, 20, 1, '2024-03-27 04:33:22', '2024-03-27 04:33:22'),
(10, 'Shoes Size', 'radio', 'custom-fields/66051f5c567a27.862277711711611740.svg', 1, '[\"6\",\"7\",\"8\",\"9\",\"10\",\"11\",\"12\"]', NULL, NULL, 1, '2024-03-28 07:42:20', '2024-04-13 04:12:33'),
(11, 'How old', 'radio', 'custom-fields/661e13c3974f99.120636571713247171.svg', 0, '[\"1 Year\",\"2 Years\",\"3 Years\",\"4 Years\",\"More then 4 Years\"]', NULL, NULL, 0, '2024-04-16 05:59:31', '2024-04-16 05:59:31'),
(12, 'Condition', 'dropdown', 'custom-fields/661e13fc1bfae7.312080121713247228.svg', 0, '[\"Refurbished\",\"New\",\"Old\"]', NULL, NULL, 0, '2024-04-16 06:00:28', '2024-04-16 06:00:28'),
(13, 'Warranty', 'radio', 'custom-fields/661e14243e41d0.315111491713247268.svg', 0, '[\"Yes\",\"No\"]', NULL, NULL, 1, '2024-04-16 06:01:08', '2024-04-16 07:16:46'),
(14, 'Model', 'dropdown', 'custom-fields/661e1968a47e42.815678331713248616.svg', 0, '[\"iPhone 15\",\"iPhone 15 plus\",\"iPhone 15 pro\",\"iPhone 15 pro max\",\"Other\"]', NULL, NULL, 0, '2024-04-16 06:23:36', '2024-04-16 06:23:36'),
(15, 'Color', 'dropdown', 'custom-fields/661e19fe733315.560161981713248766.svg', 1, '[\"Pink\",\"Yellow\",\"Green\",\"Blue\",\"Black\",\"Blue Titanium\"]', NULL, NULL, 1, '2024-04-16 06:26:06', '2025-04-11 07:06:36'),
(16, 'Damages on Device', 'radio', 'custom-fields/661e1a4e7974c0.919027681713248846.svg', 0, '[\"Yes\",\"No\"]', NULL, NULL, 0, '2024-04-16 06:26:45', '2024-04-16 06:27:26'),
(17, 'Damage Details', 'textbox', 'custom-fields/661e2218222c04.147802111713250840.svg', 0, NULL, 10, 100, 0, '2024-04-16 07:00:40', '2024-04-16 07:00:40'),
(18, 'Battery Health', 'textbox', 'custom-fields/661e22518f7601.514232801713250897.svg', 0, NULL, 1, 10, 0, '2024-04-16 07:01:37', '2024-04-16 07:01:37'),
(19, 'Storage Capacity', 'dropdown', 'custom-fields/661e22b48c2c37.108023041713250996.svg', 0, '[\"32 GB\",\"64 GB\",\"128 GB\",\"256 GB\",\"512 GB\",\"1 TB\",\"1 TB+\",\"Other\"]', NULL, NULL, 1, '2024-04-16 07:03:16', '2024-04-16 07:08:16'),
(20, 'Memory (Ram)', 'dropdown', 'custom-fields/661e22efefffd3.688990951713251055.svg', 0, '[\"1 GB or Less\",\"2 GB\",\"3 GB\",\"4 GB\",\"6 GB\",\"8 GB\",\"12 GB\",\"16 GB\",\"Other\"]', NULL, NULL, 1, '2024-04-16 07:04:15', '2024-04-16 07:04:15'),
(21, 'Accessories', 'checkbox', 'custom-fields/661e23a6bafa08.026719041713251238.svg', 0, '[\"Box\",\"Headset\",\"Wireless Charger\",\"Charger\"]', NULL, NULL, 1, '2024-04-16 07:07:18', '2024-04-16 07:07:18'),
(22, 'IMEI Number', 'number', 'custom-fields/661e23d288ebf9.086359151713251282.svg', 0, NULL, 1, 14, 1, '2024-04-16 07:08:02', '2024-04-16 07:08:02'),
(23, 'Invoice', 'fileinput', 'custom-fields/661e6f1a3dd365.971467741713270554.svg', 0, NULL, NULL, NULL, 1, '2024-04-16 12:29:14', '2024-04-16 12:29:14'),
(24, 'Bedrooms', 'dropdown', 'custom-fields/6634c0f87c0829.941733771714733304.jpg', 1, '[\"1\",\"2\",\"3\",\"4\",\"4+\"]', NULL, NULL, 1, '2024-05-03 10:48:24', '2024-05-03 10:56:30'),
(25, 'Bathrooms', 'dropdown', 'custom-fields/6634c12ca6d236.167578851714733356.jpg', 1, '[\"1\",\"2\",\"3\",\"4\",\"4+\"]', NULL, NULL, 1, '2024-05-03 10:49:16', '2024-05-03 10:56:20'),
(26, 'Carpet Area', 'number', 'custom-fields/6634c16569ea90.310764301714733413.jpg', 1, NULL, 1, 8, 1, '2024-05-03 10:50:13', '2024-05-03 10:50:13'),
(27, 'Built-Up Area', 'number', 'custom-fields/6634c1859398c1.219003661714733445.jpg', 0, NULL, NULL, NULL, 1, '2024-05-03 10:50:45', '2024-05-03 10:50:45'),
(28, 'Furnishing', 'dropdown', 'custom-fields/6634c1bb7ecd91.380648471714733499.jpg', 0, '[\"Furnished\",\"Semi Furnished\",\"Unfurnished\"]', NULL, NULL, 1, '2024-05-03 10:51:39', '2024-05-03 10:55:59'),
(29, 'Balconies', 'radio', 'custom-fields/6634c1e6be5a48.712280611714733542.jpg', 0, '[\"Yes\",\"No\"]', NULL, NULL, 1, '2024-05-03 10:52:22', '2024-05-03 10:55:49'),
(30, 'Parking', 'radio', 'custom-fields/6634c2175b8e02.211077551714733591.jpg', 0, '[\"Yes\",\"No\"]', NULL, NULL, 1, '2024-05-03 10:53:11', '2024-05-03 10:55:38'),
(31, 'Status', 'dropdown', 'custom-fields/6634c250c24211.024489731714733648.jpg', 0, '[\"New Launch\",\"Ready to Move\",\"Under Construction\"]', NULL, NULL, 1, '2024-05-03 10:54:08', '2024-06-13 06:18:45');

-- --------------------------------------------------------

--
-- Table structure for table `custom_field_categories`
--

CREATE TABLE `custom_field_categories` (
  `id` bigint(20) UNSIGNED NOT NULL,
  `category_id` bigint(20) UNSIGNED NOT NULL,
  `custom_field_id` bigint(20) UNSIGNED NOT NULL,
  `created_at` timestamp NULL DEFAULT NULL,
  `updated_at` timestamp NULL DEFAULT NULL
) ENGINE=InnoDB DEFAULT CHARSET=utf8mb4 COLLATE=utf8mb4_unicode_ci;

--
-- Dumping data for table `custom_field_categories`
--

INSERT INTO `custom_field_categories` (`id`, `category_id`, `custom_field_id`, `created_at`, `updated_at`) VALUES
(1, 11, 1, '2024-03-26 12:17:15', '2024-03-26 12:17:15'),
(2, 15, 1, '2024-03-26 12:17:15', '2024-03-26 12:17:15'),
(3, 11, 2, '2024-03-26 12:18:35', '2024-03-26 12:18:35'),
(4, 11, 3, '2024-03-26 12:19:34', '2024-03-26 12:19:34'),
(5, 11, 4, '2024-03-26 12:20:52', '2024-03-26 12:20:52'),
(6, 15, 4, '2024-03-26 12:20:52', '2024-03-26 12:20:52'),
(7, 11, 5, '2024-03-26 12:22:06', '2024-03-26 12:22:06'),
(8, 15, 5, '2024-03-26 12:22:06', '2024-03-26 12:22:06'),
(9, 11, 6, '0000-00-00 00:00:00', '0000-00-00 00:00:00'),
(17, 104, 9, '0000-00-00 00:00:00', '0000-00-00 00:00:00'),
(18, 104, 8, '0000-00-00 00:00:00', '0000-00-00 00:00:00'),
(19, 104, 7, '0000-00-00 00:00:00', '0000-00-00 00:00:00'),
(20, 104, 6, '0000-00-00 00:00:00', '0000-00-00 00:00:00'),
(21, 104, 3, '0000-00-00 00:00:00', '0000-00-00 00:00:00'),
(22, 104, 2, '0000-00-00 00:00:00', '0000-00-00 00:00:00'),
(23, 19, 8, '0000-00-00 00:00:00', '0000-00-00 00:00:00'),
(24, 19, 5, '0000-00-00 00:00:00', '0000-00-00 00:00:00'),
(25, 19, 4, '0000-00-00 00:00:00', '0000-00-00 00:00:00'),
(26, 19, 2, '0000-00-00 00:00:00', '0000-00-00 00:00:00'),
(27, 19, 6, '0000-00-00 00:00:00', '0000-00-00 00:00:00'),
(28, 167, 8, '0000-00-00 00:00:00', '0000-00-00 00:00:00'),
(29, 148, 10, '2024-03-28 07:42:20', '2024-03-28 07:42:20'),
(30, 11, 8, '0000-00-00 00:00:00', '0000-00-00 00:00:00'),
(31, 15, 8, '0000-00-00 00:00:00', '0000-00-00 00:00:00'),
(32, 17, 8, '0000-00-00 00:00:00', '0000-00-00 00:00:00'),
(33, 18, 8, '0000-00-00 00:00:00', '0000-00-00 00:00:00'),
(34, 20, 8, '0000-00-00 00:00:00', '0000-00-00 00:00:00'),
(35, 21, 8, '0000-00-00 00:00:00', '0000-00-00 00:00:00'),
(36, 22, 8, '0000-00-00 00:00:00', '0000-00-00 00:00:00'),
(37, 23, 8, '0000-00-00 00:00:00', '0000-00-00 00:00:00'),
(38, 24, 8, '0000-00-00 00:00:00', '0000-00-00 00:00:00'),
(42, 15, 6, '0000-00-00 00:00:00', '0000-00-00 00:00:00'),
(43, 17, 6, '0000-00-00 00:00:00', '0000-00-00 00:00:00'),
(44, 18, 6, '0000-00-00 00:00:00', '0000-00-00 00:00:00'),
(45, 20, 6, '0000-00-00 00:00:00', '0000-00-00 00:00:00'),
(46, 21, 6, '0000-00-00 00:00:00', '0000-00-00 00:00:00'),
(47, 22, 6, '0000-00-00 00:00:00', '0000-00-00 00:00:00'),
(48, 23, 6, '0000-00-00 00:00:00', '0000-00-00 00:00:00'),
(49, 24, 6, '0000-00-00 00:00:00', '0000-00-00 00:00:00'),
(50, 20, 5, '0000-00-00 00:00:00', '0000-00-00 00:00:00'),
(51, 15, 2, '0000-00-00 00:00:00', '0000-00-00 00:00:00'),
(52, 17, 2, '0000-00-00 00:00:00', '0000-00-00 00:00:00'),
(54, 20, 2, '0000-00-00 00:00:00', '0000-00-00 00:00:00'),
(55, 23, 5, '0000-00-00 00:00:00', '0000-00-00 00:00:00'),
(58, 23, 3, '0000-00-00 00:00:00', '0000-00-00 00:00:00'),
(59, 24, 3, '0000-00-00 00:00:00', '0000-00-00 00:00:00'),
(61, 23, 2, '0000-00-00 00:00:00', '0000-00-00 00:00:00'),
(62, 24, 2, '0000-00-00 00:00:00', '0000-00-00 00:00:00'),
(65, 26, 11, '2024-04-16 05:59:31', '2024-04-16 05:59:31'),
(66, 26, 12, '2024-04-16 06:00:28', '2024-04-16 06:00:28'),
(67, 26, 13, '2024-04-16 06:01:08', '2024-04-16 06:01:08'),
(68, 26, 14, '2024-04-16 06:23:36', '2024-04-16 06:23:36'),
(69, 26, 15, '2024-04-16 06:26:06', '2024-04-16 06:26:06'),
(70, 26, 16, '0000-00-00 00:00:00', '0000-00-00 00:00:00'),
(71, 26, 17, '2024-04-16 07:00:40', '2024-04-16 07:00:40'),
(72, 26, 18, '2024-04-16 07:01:37', '2024-04-16 07:01:37'),
(73, 26, 20, '2024-04-16 07:04:15', '2024-04-16 07:04:15'),
(74, 26, 21, '2024-04-16 07:07:18', '2024-04-16 07:07:18'),
(75, 26, 22, '2024-04-16 07:08:02', '2024-04-16 07:08:02'),
(76, 26, 19, '0000-00-00 00:00:00', '0000-00-00 00:00:00'),
(77, 26, 23, '2024-04-16 12:29:14', '2024-04-16 12:29:14'),
(78, 220, 24, '2024-05-03 10:48:24', '2024-05-03 10:48:24'),
(79, 220, 25, '2024-05-03 10:49:16', '2024-05-03 10:49:16'),
(80, 220, 26, '2024-05-03 10:50:13', '2024-05-03 10:50:13'),
(81, 220, 27, '2024-05-03 10:50:45', '2024-05-03 10:50:45'),
(82, 220, 28, '2024-05-03 10:51:39', '2024-05-03 10:51:39'),
(83, 220, 29, '2024-05-03 10:52:22', '2024-05-03 10:52:22'),
(84, 220, 30, '2024-05-03 10:53:11', '2024-05-03 10:53:11'),
(85, 220, 31, '2024-05-03 10:54:08', '2024-05-03 10:54:08'),
(86, 222, 31, '0000-00-00 00:00:00', '0000-00-00 00:00:00'),
(87, 222, 30, '0000-00-00 00:00:00', '0000-00-00 00:00:00'),
(88, 222, 29, '0000-00-00 00:00:00', '0000-00-00 00:00:00'),
(89, 222, 28, '0000-00-00 00:00:00', '0000-00-00 00:00:00'),
(90, 222, 26, '0000-00-00 00:00:00', '0000-00-00 00:00:00'),
(91, 222, 25, '0000-00-00 00:00:00', '0000-00-00 00:00:00'),
(92, 222, 24, '0000-00-00 00:00:00', '0000-00-00 00:00:00'),
(93, 18, 2, '0000-00-00 00:00:00', '0000-00-00 00:00:00');

-- --------------------------------------------------------

--
-- Table structure for table `failed_jobs`
--

CREATE TABLE `failed_jobs` (
  `id` bigint(20) UNSIGNED NOT NULL,
  `uuid` varchar(191) NOT NULL,
  `connection` text NOT NULL,
  `queue` text NOT NULL,
  `payload` longtext NOT NULL,
  `exception` longtext NOT NULL,
  `failed_at` timestamp NOT NULL DEFAULT current_timestamp()
) ENGINE=InnoDB DEFAULT CHARSET=utf8mb4 COLLATE=utf8mb4_unicode_ci;

-- --------------------------------------------------------

--
-- Table structure for table `faqs`
--

CREATE TABLE `faqs` (
  `id` bigint(20) UNSIGNED NOT NULL,
  `question` varchar(191) NOT NULL,
  `answer` varchar(191) NOT NULL,
  `created_at` timestamp NULL DEFAULT NULL,
  `updated_at` timestamp NULL DEFAULT NULL
) ENGINE=InnoDB DEFAULT CHARSET=utf8mb4 COLLATE=utf8mb4_unicode_ci;

-- --------------------------------------------------------

--
-- Table structure for table `favourites`
--

CREATE TABLE `favourites` (
  `id` bigint(20) UNSIGNED NOT NULL,
  `created_at` timestamp NULL DEFAULT NULL,
  `updated_at` timestamp NULL DEFAULT NULL,
  `user_id` bigint(20) UNSIGNED NOT NULL,
  `item_id` bigint(20) UNSIGNED NOT NULL
) ENGINE=InnoDB DEFAULT CHARSET=utf8mb4 COLLATE=utf8mb4_unicode_ci;

--
-- Dumping data for table `favourites`
--

INSERT INTO `favourites` (`id`, `created_at`, `updated_at`, `user_id`, `item_id`) VALUES
(1, '2025-04-11 11:22:20', '2025-04-11 11:22:20', 3, 3);

-- --------------------------------------------------------

--
-- Table structure for table `featured_items`
--

CREATE TABLE `featured_items` (
  `id` bigint(20) UNSIGNED NOT NULL,
  `start_date` date NOT NULL,
  `end_date` date DEFAULT NULL,
  `item_id` bigint(20) UNSIGNED NOT NULL,
  `package_id` bigint(20) UNSIGNED NOT NULL,
  `user_purchased_package_id` bigint(20) UNSIGNED NOT NULL,
  `created_at` timestamp NULL DEFAULT NULL,
  `updated_at` timestamp NULL DEFAULT NULL
) ENGINE=InnoDB DEFAULT CHARSET=utf8mb4 COLLATE=utf8mb4_unicode_ci;

-- --------------------------------------------------------

--
-- Table structure for table `feature_sections`
--

CREATE TABLE `feature_sections` (
  `id` bigint(20) UNSIGNED NOT NULL,
  `title` varchar(191) NOT NULL,
  `slug` varchar(512) NOT NULL,
  `sequence` int(11) NOT NULL,
  `filter` varchar(191) NOT NULL,
  `value` varchar(191) DEFAULT NULL,
  `style` varchar(191) NOT NULL,
  `min_price` int(11) DEFAULT NULL,
  `max_price` int(11) DEFAULT NULL,
  `created_at` timestamp NULL DEFAULT NULL,
  `updated_at` timestamp NULL DEFAULT NULL,
  `description` varchar(191) DEFAULT NULL
) ENGINE=InnoDB DEFAULT CHARSET=utf8mb4 COLLATE=utf8mb4_unicode_ci;

--
-- Dumping data for table `feature_sections`
--

INSERT INTO `feature_sections` (`id`, `title`, `slug`, `sequence`, `filter`, `value`, `style`, `min_price`, `max_price`, `created_at`, `updated_at`, `description`) VALUES
(1, 'top', 'top', 1, 'category_criteria', '101', 'style_2', NULL, NULL, '2025-04-10 14:58:57', '2025-04-10 15:13:22', 'ooo');

-- --------------------------------------------------------

--
-- Table structure for table `items`
--

CREATE TABLE `items` (
  `id` bigint(20) UNSIGNED NOT NULL,
  `name` varchar(191) NOT NULL,
  `slug` varchar(512) NOT NULL,
  `description` text NOT NULL,
  `price` double NOT NULL,
  `image` varchar(191) NOT NULL,
  `latitude` double NOT NULL,
  `longitude` double NOT NULL,
  `address` text NOT NULL,
  `contact` varchar(191) NOT NULL,
  `show_only_to_premium` tinyint(1) NOT NULL,
  `status` enum('review','approved','soft rejected','permanent rejected','sold out','featured','resubmitted') NOT NULL,
  `rejected_reason` varchar(191) DEFAULT NULL,
  `video_link` varchar(191) DEFAULT NULL,
  `city` varchar(191) NOT NULL,
  `state` varchar(191) DEFAULT NULL,
  `country` varchar(191) NOT NULL,
  `area_id` bigint(20) UNSIGNED DEFAULT NULL,
  `user_id` bigint(20) UNSIGNED NOT NULL,
  `sold_to` bigint(20) UNSIGNED DEFAULT NULL,
  `category_id` bigint(20) UNSIGNED NOT NULL,
  `all_category_ids` varchar(512) DEFAULT NULL,
  `expiry_date` date DEFAULT NULL,
  `clicks` int(11) NOT NULL,
  `created_at` timestamp NULL DEFAULT NULL,
  `updated_at` timestamp NULL DEFAULT NULL,
  `deleted_at` timestamp NULL DEFAULT NULL
) ENGINE=InnoDB DEFAULT CHARSET=utf8mb4 COLLATE=utf8mb4_unicode_ci;

--
-- Dumping data for table `items`
--

INSERT INTO `items` (`id`, `name`, `slug`, `description`, `price`, `image`, `latitude`, `longitude`, `address`, `contact`, `show_only_to_premium`, `status`, `rejected_reason`, `video_link`, `city`, `state`, `country`, `area_id`, `user_id`, `sold_to`, `category_id`, `all_category_ids`, `expiry_date`, `clicks`, `created_at`, `updated_at`, `deleted_at`) VALUES
(1, 'apartement', 'apartement', 'description', 20, 'item_images/67f79440cac627.081141621744278592.jpg', -10.982713417321465, 13.92404927239098, '2W8F+WJ Ngangula, Angola', '81000000', 1, 'approved', NULL, NULL, 'Ngangula', 'Cuanza Sul Province', 'Angola', NULL, 5, NULL, 225, '219,220,225', NULL, 6, '2025-04-10 07:49:52', '2025-04-13 07:54:00', NULL),
(2, 'kjhji', 'kjhji', 'oioi', 98790, 'item_images/67f7f881578a24.415084471744304257.jpeg', -8.853770484169114, 13.227741939354315, '46WH+F3 Luanda, Angola', '090098', 1, 'approved', NULL, NULL, 'Luanda', 'Luanda Province', 'Angola', NULL, 4, NULL, 101, '15,101', NULL, 6, '2025-04-10 14:57:37', '2025-04-12 03:50:59', NULL),
(3, 'Philips Air Fryer', 'philips-air-fryer', 'Philips Avance Collection Airfryer XXL 1.4 kg, 7.3L Capacity Pan, Rapid Air Technology, Fry, Bake, Grill and Roast, Connected with HomeID APP, Black', 79, 'item_images/67f8d7330aee84.003749231744361267.jpg', -11.473765348952815, 16.71389627158129, 'GPG7+FH Andulo, Angola', '81000000', 1, 'approved', NULL, NULL, 'Andulo', 'Bié Province', 'Angola', NULL, 5, NULL, 116, '15,116', NULL, 3, '2025-04-11 06:47:47', '2025-04-11 11:22:31', NULL),
(4, 'Retro Mini Personal Fridge', 'retro-mini-personal-fridge', 'Frigidaire Retro Mini Personal Fridge Cooler, Holds up to 9 Cans, Portable & Compact, AC Plug & 12V Car Charger – Black', 50, 'item_images/67f8d90843e539.466141851744361736.jpg', -8.769942115163714, 13.226674895515629, '66JG+2M Luanda, Angola', '81000000', 1, 'approved', NULL, NULL, 'Luanda', 'Luanda Province', 'Angola', NULL, 5, NULL, 101, '15,101', NULL, 11, '2025-04-11 06:55:36', '2025-04-13 03:51:31', NULL),
(5, 'Audi A7', 'audi-a7', 'Aesthetically athletic, emotion-packed design, sporty character and innovative technology: the Audi A7 Sportback marries the strengths of a Coupé with those of a Sedan and an Avant.', 79998, 'item_images/67f8da7e798ac3.112188981744362110.jpg', -12.943917149348696, 13.083976365876406, '334M+CH Dombe Grande, Angola', '81000000', 1, 'approved', NULL, NULL, 'Dombe Grande', 'Benguela Province', 'Angola', NULL, 5, NULL, 137, '104,130,137', NULL, 3, '2025-04-11 07:01:50', '2025-04-12 09:29:23', NULL),
(6, 'iPhone 15 Pro', 'iphone-15-pro', '6.1inch Super Retina XDR display. ProMotion technology. Always-On display. Titanium with textured matte glass back. Action button\r\nDynamic Island. A magical way to interact with iPhone. A17 Pro chip with 6-core GPU\r\nPro camera system. 48MP Main | Ultra Wide| Telephoto. Super-high-resolution photos (24MP and 48MP). Next-generation portraits with Focus and Depth Control. Up to 10x optical zoom range\r\nEmergency SOS via satellite. Crash Detection. Roadside Assistance via satellite\r\nUp to 29 hours video playback. USB-C, Supports USB 3 for up to 20x faster transfers. Face ID', 1200, 'item_images/67f8dbe0027b97.061921771744362464.jpg', -14.734220318155305, 17.65013389669857, '7M82+83 Menongue, Angola', '80999998', 1, 'approved', NULL, NULL, 'Menongue', 'Cuando Cubango Province', 'Angola', NULL, 5, NULL, 26, '26', NULL, 3, '2025-04-11 07:07:44', '2025-04-13 07:59:39', NULL),
(7, 'Sectional Couches', 'sectional-couches', 'The dimensiosn of this small couch is: 78\"×27.5\"×32\" inches / 198×70×81 cm, seating capacity of 3, which is suitable for adding additional seating space for your living room, apartment, dorm, loft or others small place.', 350, 'item_images/67f8dd35efa457.477296621744362805.jpg', -13.048142996356574, 14.252859201630205, 'X723+P4 Cubal, Angola', '81000000', 1, 'approved', NULL, NULL, 'Cubal', 'Benguela Province', 'Angola', NULL, 5, NULL, 153, '18,153', NULL, 4, '2025-04-11 07:13:26', '2025-04-13 04:21:14', NULL),
(8, 'SAMSUNG Smart LED-LCD TV', 'samsung-smart-led-lcd-tv', 'Screen Size	65 Inches\r\nBrand	SAMSUNG\r\nDisplay Technology	LED\r\nResolution	4K\r\nRefresh Rate	60 Hz\r\nSpecial Feature	Content Management Solution, Film Mode, Parental Lock, Sound Mirroring, Samsung TV Plus, Crystal Processor 4K, Closed Caption, Hotel Mode, Ambient Mode, Clock Backup Supply, Human Interface Device (HID) Support, Dynamic Crystal Color, Subtitle, Contrast Enhancer, Auto Channel Search, Cable Management, Auto Motion Plus, Audio Return Channel (ARC), Hospitality Browser (H.Browser), Wake-up Timer, Energy Saving Mode, Screen Mirroring, Auto Power Off, Connect Share, Mega Contrast, Q-Symphony, Game Mode, LYNK DRM, Hospitality Home Menu, Sport Mode, Hotel Channel List, High Dynamic Range (HDR), Pro:Idiom, My Channel, LYNK Cloud, USB Cloning, On Screen Display, UHD Dimming, Web Browser, Hospitality Plug and Play, Security Mode, RF Antenna InputContent Management Solution, Film Mode, Parental Lock, Sound Mirroring, Samsung TV Plus, Crystal Processor 4K, Closed Caption, Hotel Mode, Ambient Mode, Clock Backup Supply, Human Interface Device (HID) Support, Dynamic… See more\r\nIncluded Components	HG65AU800NF Smart LED-LCD TV, Quick Install Guide, Power Cable, Data Cable, Remote Controller, Batteries (for Remote Control)HG65AU800NF Smart LED-LCD TV, Quick Install Guide, Power Cable, Data Cable, Remote Controller, Batteries (for Remote Control)\r\nConnectivity Technology	Wi-Fi, USB, Ethernet, HDMI\r\nAspect Ratio	16:9\r\nProduct Dimensions	1\"D x 57.1\"W x 32.8\"H', 1000, 'item_images/67f8de8aae79f9.868677541744363146.jpg', -14.625458351686664, 17.662339645248966, '9MF6+RW Menongue, Angola', '81000000', 1, 'approved', NULL, NULL, 'Menongue', 'Cuando Cubango Province', 'Angola', NULL, 5, NULL, 90, '11,90', NULL, 1, '2025-04-11 07:19:06', '2025-04-11 08:12:05', NULL),
(9, 'Air con', 'air-con', 'Very goos condition', 200, 'item_images/67f918431b3ce9.564962461744377923.jpg', -8.84, 13.23, 'Maianga, Luanda, Luanda, Angola', '927121222', 1, 'approved', NULL, NULL, 'Luanda', 'Luanda', 'Angola', NULL, 3, NULL, 101, '15,101', NULL, 8, '2025-04-11 11:25:23', '2025-04-14 02:51:58', NULL);

-- --------------------------------------------------------

--
-- Table structure for table `item_custom_field_values`
--

CREATE TABLE `item_custom_field_values` (
  `id` bigint(20) UNSIGNED NOT NULL,
  `item_id` bigint(20) UNSIGNED NOT NULL,
  `custom_field_id` bigint(20) UNSIGNED NOT NULL,
  `value` text DEFAULT NULL,
  `created_at` timestamp NULL DEFAULT NULL,
  `updated_at` timestamp NULL DEFAULT NULL
) ENGINE=InnoDB DEFAULT CHARSET=utf8mb4 COLLATE=utf8mb4_unicode_ci;

--
-- Dumping data for table `item_custom_field_values`
--

INSERT INTO `item_custom_field_values` (`id`, `item_id`, `custom_field_id`, `value`, `created_at`, `updated_at`) VALUES
(1, 1, 24, '[\"2\"]', '0000-00-00 00:00:00', '0000-00-00 00:00:00'),
(2, 1, 25, '[\"2\"]', '0000-00-00 00:00:00', '0000-00-00 00:00:00'),
(3, 1, 26, '[\"100\"]', '0000-00-00 00:00:00', '0000-00-00 00:00:00'),
(4, 1, 27, '[null]', '0000-00-00 00:00:00', '0000-00-00 00:00:00'),
(5, 1, 28, '[\"Unfurnished\"]', '0000-00-00 00:00:00', '0000-00-00 00:00:00'),
(6, 1, 29, '[\"Yes\"]', '0000-00-00 00:00:00', '0000-00-00 00:00:00'),
(7, 1, 30, '[\"Yes\"]', '0000-00-00 00:00:00', '0000-00-00 00:00:00'),
(8, 1, 31, '[\"Ready to Move\"]', '0000-00-00 00:00:00', '0000-00-00 00:00:00'),
(9, 2, 1, '[\"9898\"]', '0000-00-00 00:00:00', '0000-00-00 00:00:00'),
(10, 2, 2, '[\"iji\"]', '0000-00-00 00:00:00', '0000-00-00 00:00:00'),
(11, 2, 4, '[\"No\"]', '0000-00-00 00:00:00', '0000-00-00 00:00:00'),
(12, 2, 5, '[\"jp\"]', '0000-00-00 00:00:00', '0000-00-00 00:00:00'),
(13, 2, 6, '[\"\"]', '0000-00-00 00:00:00', '0000-00-00 00:00:00'),
(14, 2, 8, '[\"Brown\"]', '0000-00-00 00:00:00', '0000-00-00 00:00:00'),
(25, 3, 1, '[\"00\"]', '0000-00-00 00:00:00', '0000-00-00 00:00:00'),
(26, 3, 2, '[\"Philips \"]', '0000-00-00 00:00:00', '0000-00-00 00:00:00'),
(27, 3, 4, '[\"Yes\"]', '0000-00-00 00:00:00', '0000-00-00 00:00:00'),
(28, 3, 5, '[\"Plastic\"]', '0000-00-00 00:00:00', '0000-00-00 00:00:00'),
(29, 3, 6, '[\"Special Features\\tTemperature Control, Automatic Shut-Off\\nItem Dimensions D x W x H\\t40D x 35W x 35H centimeters\\nColor\\tBlack\\nCapacity\\t7.3 Liters\\nMaterial\\tPlastic\"]', '0000-00-00 00:00:00', '0000-00-00 00:00:00'),
(30, 3, 8, '[\"Black\"]', '0000-00-00 00:00:00', '0000-00-00 00:00:00'),
(31, 4, 1, '[\"12\"]', '0000-00-00 00:00:00', '0000-00-00 00:00:00'),
(32, 4, 2, '[\"Frigidaire \"]', '0000-00-00 00:00:00', '0000-00-00 00:00:00'),
(33, 4, 4, '[\"Yes\"]', '0000-00-00 00:00:00', '0000-00-00 00:00:00'),
(34, 4, 5, '[\"plastic\"]', '0000-00-00 00:00:00', '0000-00-00 00:00:00'),
(35, 4, 6, '[\"Product Dimensions\\t11.8\\\"D x 7.1\\\"W x 10.1\\\"H\\nBrand\\tFrigidaire\\nCapacity\\t6 Liters\\nConfiguration\\tCompact Freezerless\\nEnergy Star\\tno\\nColor\\tBlack\\nSpecial Feature\\tPortable\\nInstallation Type\\tFreestanding\\nNumbe\"]', '0000-00-00 00:00:00', '0000-00-00 00:00:00'),
(36, 4, 8, '[\"Black\"]', '0000-00-00 00:00:00', '0000-00-00 00:00:00'),
(37, 5, 2, '[\"Audi\"]', '0000-00-00 00:00:00', '0000-00-00 00:00:00'),
(38, 5, 3, '[\"2025\"]', '0000-00-00 00:00:00', '0000-00-00 00:00:00'),
(39, 5, 6, '[\"Full LED headlights\\nHead-up display\\nAudi connect remote monitoring and control\\nFour-zone automatic climate control\\nHeated front seats\\nLeather upholstery\\nPanoramic sunroof\\nPower soft-closing doors\\nRear\"]', '0000-00-00 00:00:00', '0000-00-00 00:00:00'),
(40, 5, 7, '[\"Audi A7 features a s\"]', '0000-00-00 00:00:00', '0000-00-00 00:00:00'),
(41, 5, 8, '[\"White\"]', '0000-00-00 00:00:00', '0000-00-00 00:00:00'),
(42, 5, 9, '[\"0\"]', '0000-00-00 00:00:00', '0000-00-00 00:00:00'),
(43, 6, 13, '[\"Yes\"]', '0000-00-00 00:00:00', '0000-00-00 00:00:00'),
(44, 6, 15, '[\"Blue Titanium\"]', '0000-00-00 00:00:00', '0000-00-00 00:00:00'),
(45, 6, 19, '[\"256 GB\"]', '0000-00-00 00:00:00', '0000-00-00 00:00:00'),
(46, 6, 20, '[\"8 GB\"]', '0000-00-00 00:00:00', '0000-00-00 00:00:00'),
(47, 6, 21, '[\"Box\",\"Wireless Charger\"]', '0000-00-00 00:00:00', '0000-00-00 00:00:00'),
(48, 6, 22, '[\"00000000000000\"]', '0000-00-00 00:00:00', '0000-00-00 00:00:00'),
(49, 6, 23, '[null]', '0000-00-00 00:00:00', '0000-00-00 00:00:00'),
(50, 7, 2, '[\"Woyomeub\"]', '0000-00-00 00:00:00', '0000-00-00 00:00:00'),
(51, 7, 6, '[\"Assembly Required\\tYes\\nSeat Depth\\t20 inches\\nSeat Height\\t17 Inches\\nWeight Limit\\t600 Pounds\\nProduct Dimensions\\t27.5\\\"D x 78\\\"W x 32\\\"H\\nItem Weight\\t105 Pounds\\nLeg Length\\t5 Inches\\nType\\tSectional\"]', '0000-00-00 00:00:00', '0000-00-00 00:00:00'),
(52, 7, 8, '[\"White\"]', '0000-00-00 00:00:00', '0000-00-00 00:00:00'),
(53, 8, 1, '[\"\"]', '0000-00-00 00:00:00', '0000-00-00 00:00:00'),
(54, 8, 2, '[\"SAMSUNG \"]', '0000-00-00 00:00:00', '0000-00-00 00:00:00'),
(55, 8, 3, '[\"HG65AU800NF\"]', '0000-00-00 00:00:00', '0000-00-00 00:00:00'),
(56, 8, 4, '[\"Yes\"]', '0000-00-00 00:00:00', '0000-00-00 00:00:00'),
(57, 8, 5, '[\"\"]', '0000-00-00 00:00:00', '0000-00-00 00:00:00'),
(58, 8, 6, '[\"Luxury 4K UHD Hospitality TV for Guest Engagement\\nEnhance content with 4K UHD Crystal Display for perfect picture quality.\\nSlim design that complements any interior while saving space.\\nCentralized man\"]', '0000-00-00 00:00:00', '0000-00-00 00:00:00'),
(59, 8, 8, '[\"Black\"]', '0000-00-00 00:00:00', '0000-00-00 00:00:00'),
(60, 9, 1, '[\"220\"]', '0000-00-00 00:00:00', '0000-00-00 00:00:00'),
(61, 9, 2, '[\"Brabd\"]', '0000-00-00 00:00:00', '0000-00-00 00:00:00'),
(62, 9, 4, '[\"No\"]', '0000-00-00 00:00:00', '0000-00-00 00:00:00'),
(63, 9, 5, '[\"Wood\"]', '0000-00-00 00:00:00', '0000-00-00 00:00:00'),
(64, 9, 6, '[\"Nice \"]', '0000-00-00 00:00:00', '0000-00-00 00:00:00'),
(65, 9, 8, '[\"Black\"]', '0000-00-00 00:00:00', '0000-00-00 00:00:00');

-- --------------------------------------------------------

--
-- Table structure for table `item_images`
--

CREATE TABLE `item_images` (
  `id` bigint(20) UNSIGNED NOT NULL,
  `image` varchar(191) NOT NULL,
  `item_id` bigint(20) UNSIGNED NOT NULL,
  `created_at` timestamp NULL DEFAULT NULL,
  `updated_at` timestamp NULL DEFAULT NULL
) ENGINE=InnoDB DEFAULT CHARSET=utf8mb4 COLLATE=utf8mb4_unicode_ci;

--
-- Dumping data for table `item_images`
--

INSERT INTO `item_images` (`id`, `image`, `item_id`, `created_at`, `updated_at`) VALUES
(1, 'item_images/67f8d9084d2c67.229941341744361736.jpg', 4, '0000-00-00 00:00:00', '0000-00-00 00:00:00'),
(2, 'item_images/67f8d908522cb4.720367671744361736.jpg', 4, '0000-00-00 00:00:00', '0000-00-00 00:00:00'),
(3, 'item_images/67f8dd36021fe4.499491571744362806.jpg', 7, '0000-00-00 00:00:00', '0000-00-00 00:00:00'),
(4, 'item_images/67f8de8ab3dd21.525165511744363146.jpg', 8, '0000-00-00 00:00:00', '0000-00-00 00:00:00'),
(5, 'item_images/67f918434f0638.098228221744377923.jpg', 9, '0000-00-00 00:00:00', '0000-00-00 00:00:00'),
(6, 'item_images/67f918439b8264.981396911744377923.jpg', 9, '0000-00-00 00:00:00', '0000-00-00 00:00:00'),
(7, 'item_images/67f91843dfa039.611761561744377923.jpg', 9, '0000-00-00 00:00:00', '0000-00-00 00:00:00');

-- --------------------------------------------------------

--
-- Table structure for table `item_offers`
--

CREATE TABLE `item_offers` (
  `id` bigint(20) UNSIGNED NOT NULL,
  `seller_id` bigint(20) UNSIGNED NOT NULL,
  `buyer_id` bigint(20) UNSIGNED NOT NULL,
  `item_id` bigint(20) UNSIGNED NOT NULL,
  `amount` double(8,2) DEFAULT NULL,
  `created_at` timestamp NULL DEFAULT NULL,
  `updated_at` timestamp NULL DEFAULT NULL
) ENGINE=InnoDB DEFAULT CHARSET=utf8mb4 COLLATE=utf8mb4_unicode_ci;

--
-- Dumping data for table `item_offers`
--

INSERT INTO `item_offers` (`id`, `seller_id`, `buyer_id`, `item_id`, `amount`, `created_at`, `updated_at`) VALUES
(1, 5, 4, 1, NULL, '2025-04-10 15:20:31', '2025-04-10 15:20:31'),
(2, 5, 3, 4, NULL, '2025-04-11 08:08:45', '2025-04-11 08:08:45'),
(3, 5, 3, 3, 50.00, '2025-04-11 08:14:09', '2025-04-11 08:14:09');

-- --------------------------------------------------------

--
-- Table structure for table `languages`
--

CREATE TABLE `languages` (
  `id` bigint(20) UNSIGNED NOT NULL,
  `code` varchar(191) NOT NULL,
  `name` varchar(191) NOT NULL,
  `name_in_english` varchar(32) NOT NULL,
  `app_file` varchar(191) NOT NULL,
  `panel_file` varchar(191) NOT NULL,
  `web_file` varchar(191) NOT NULL,
  `rtl` tinyint(1) NOT NULL,
  `image` varchar(512) DEFAULT NULL,
  `created_at` timestamp NULL DEFAULT NULL,
  `updated_at` timestamp NULL DEFAULT NULL,
  `country_code` varchar(191) DEFAULT NULL
) ENGINE=InnoDB DEFAULT CHARSET=utf8mb4 COLLATE=utf8mb4_unicode_ci;

--
-- Dumping data for table `languages`
--

INSERT INTO `languages` (`id`, `code`, `name`, `name_in_english`, `app_file`, `panel_file`, `web_file`, `rtl`, `image`, `created_at`, `updated_at`, `country_code`) VALUES
(1, 'en', 'English', 'English', 'en_app.json', 'en.json', 'en_web.json', 0, 'language/en.svg', NULL, NULL, NULL),
(3, 'PT', 'Português', 'Portuguese', '', '', 'PT_web.json', 0, 'language/67f69bff89afb0.398305051744215039.svg', '2025-04-09 14:10:39', '2025-04-10 02:43:36', '+244');

-- --------------------------------------------------------

--
-- Table structure for table `migrations`
--

CREATE TABLE `migrations` (
  `id` int(10) UNSIGNED NOT NULL,
  `migration` varchar(191) NOT NULL,
  `batch` int(11) NOT NULL
) ENGINE=InnoDB DEFAULT CHARSET=utf8mb4 COLLATE=utf8mb4_unicode_ci;

--
-- Dumping data for table `migrations`
--

INSERT INTO `migrations` (`id`, `migration`, `batch`) VALUES
(1, '2019_12_14_000001_create_personal_access_tokens_table', 1),
(2, '2023_03_18_033231_create_users_table', 1),
(3, '2023_03_18_033352_create_password_resets_table', 1),
(4, '2023_03_18_033442_create_failed_jobs_table', 1),
(5, '2024_02_19_120210_create_permission_tables', 1),
(6, '2024_02_20_051429_v1.0.0', 1),
(7, '2024_04_09_095310_v1.0.1', 1),
(8, '2024_04_25_075053_v1.0.2', 1),
(9, '2024_05_31_080315_v1.1.0', 1),
(10, '2024_05_31_080315_v1.1.0_data_changes', 1),
(11, '2024_06_21_122400_v2.0.0', 1),
(12, '2024_07_03_061134_v2.1.0', 1),
(13, '2024_10_08_091408_update_seller_ratings_table', 1),
(14, '2024_10_09_085627_update_seller_ratings_table', 1),
(15, '2024_11_15_071656_update_users_table', 1),
(16, '2024_12_23_054350_v2.3.0', 1),
(17, '2025_02_07_081104_v.2.4.0', 1);

-- --------------------------------------------------------

--
-- Table structure for table `model_has_permissions`
--

CREATE TABLE `model_has_permissions` (
  `permission_id` bigint(20) UNSIGNED NOT NULL,
  `model_type` varchar(191) NOT NULL,
  `model_id` bigint(20) UNSIGNED NOT NULL
) ENGINE=InnoDB DEFAULT CHARSET=utf8mb4 COLLATE=utf8mb4_unicode_ci;

-- --------------------------------------------------------

--
-- Table structure for table `model_has_roles`
--

CREATE TABLE `model_has_roles` (
  `role_id` bigint(20) UNSIGNED NOT NULL,
  `model_type` varchar(191) NOT NULL,
  `model_id` bigint(20) UNSIGNED NOT NULL
) ENGINE=InnoDB DEFAULT CHARSET=utf8mb4 COLLATE=utf8mb4_unicode_ci;

--
-- Dumping data for table `model_has_roles`
--

INSERT INTO `model_has_roles` (`role_id`, `model_type`, `model_id`) VALUES
(1, 'App\\Models\\User', 2),
(1, 'App\\Models\\User', 3),
(1, 'App\\Models\\User', 4),
(1, 'App\\Models\\User', 5),
(2, 'App\\Models\\User', 1);

-- --------------------------------------------------------

--
-- Table structure for table `notifications`
--

CREATE TABLE `notifications` (
  `id` bigint(20) UNSIGNED NOT NULL,
  `title` text NOT NULL,
  `message` text NOT NULL,
  `image` text NOT NULL,
  `item_id` bigint(20) UNSIGNED DEFAULT NULL,
  `send_to` enum('all','selected') NOT NULL,
  `user_id` varchar(512) DEFAULT NULL,
  `created_at` timestamp NULL DEFAULT NULL,
  `updated_at` timestamp NULL DEFAULT NULL
) ENGINE=InnoDB DEFAULT CHARSET=utf8mb4 COLLATE=utf8mb4_unicode_ci;

--
-- Dumping data for table `notifications`
--

INSERT INTO `notifications` (`id`, `title`, `message`, `image`, `item_id`, `send_to`, `user_id`, `created_at`, `updated_at`) VALUES
(1, 'weerw', 'qweqwe', '', 8, 'all', '', '2025-04-12 03:17:52', '2025-04-12 03:17:52');

-- --------------------------------------------------------

--
-- Table structure for table `packages`
--

CREATE TABLE `packages` (
  `id` bigint(20) UNSIGNED NOT NULL,
  `name` varchar(191) NOT NULL,
  `final_price` double NOT NULL,
  `discount_in_percentage` double(8,2) NOT NULL DEFAULT 0.00,
  `price` double NOT NULL DEFAULT 0,
  `duration` varchar(191) NOT NULL,
  `item_limit` varchar(191) NOT NULL,
  `type` varchar(191) NOT NULL,
  `icon` varchar(191) NOT NULL,
  `description` longtext NOT NULL,
  `status` tinyint(4) NOT NULL DEFAULT 1,
  `ios_product_id` varchar(512) DEFAULT NULL,
  `created_at` timestamp NULL DEFAULT NULL,
  `updated_at` timestamp NULL DEFAULT NULL
) ENGINE=InnoDB DEFAULT CHARSET=utf8mb4 COLLATE=utf8mb4_unicode_ci;

-- --------------------------------------------------------

--
-- Table structure for table `password_resets`
--

CREATE TABLE `password_resets` (
  `email` varchar(191) NOT NULL,
  `token` varchar(191) NOT NULL,
  `created_at` timestamp NULL DEFAULT NULL
) ENGINE=InnoDB DEFAULT CHARSET=utf8mb4 COLLATE=utf8mb4_unicode_ci;

-- --------------------------------------------------------

--
-- Table structure for table `payment_configurations`
--

CREATE TABLE `payment_configurations` (
  `id` bigint(20) UNSIGNED NOT NULL,
  `payment_method` varchar(191) NOT NULL,
  `api_key` varchar(191) NOT NULL,
  `secret_key` varchar(191) NOT NULL,
  `webhook_secret_key` varchar(191) NOT NULL,
  `currency_code` varchar(128) DEFAULT NULL,
  `status` tinyint(1) NOT NULL DEFAULT 1 COMMENT '0 - Disabled, 1 - Enabled',
  `created_at` timestamp NULL DEFAULT NULL,
  `updated_at` timestamp NULL DEFAULT NULL
) ENGINE=InnoDB DEFAULT CHARSET=utf8mb4 COLLATE=utf8mb4_unicode_ci;

-- --------------------------------------------------------

--
-- Table structure for table `payment_transactions`
--

CREATE TABLE `payment_transactions` (
  `id` bigint(20) UNSIGNED NOT NULL,
  `user_id` bigint(20) UNSIGNED NOT NULL,
  `amount` double(8,2) NOT NULL,
  `payment_gateway` varchar(128) NOT NULL,
  `order_id` varchar(191) DEFAULT NULL COMMENT 'order_id / payment_intent_id',
  `payment_status` enum('failed','succeed','pending') NOT NULL,
  `created_at` timestamp NULL DEFAULT NULL,
  `updated_at` timestamp NULL DEFAULT NULL
) ENGINE=InnoDB DEFAULT CHARSET=utf8mb4 COLLATE=utf8mb4_unicode_ci;

-- --------------------------------------------------------

--
-- Table structure for table `permissions`
--

CREATE TABLE `permissions` (
  `id` bigint(20) UNSIGNED NOT NULL,
  `name` varchar(191) NOT NULL,
  `guard_name` varchar(191) NOT NULL,
  `created_at` timestamp NULL DEFAULT NULL,
  `updated_at` timestamp NULL DEFAULT NULL
) ENGINE=InnoDB DEFAULT CHARSET=utf8mb4 COLLATE=utf8mb4_unicode_ci;

--
-- Dumping data for table `permissions`
--

INSERT INTO `permissions` (`id`, `name`, `guard_name`, `created_at`, `updated_at`) VALUES
(1, 'role-list', 'web', '2025-04-09 09:08:17', '2025-04-09 09:08:17'),
(2, 'role-create', 'web', '2025-04-09 09:08:17', '2025-04-09 09:08:17'),
(3, 'role-update', 'web', '2025-04-09 09:08:17', '2025-04-09 09:08:17'),
(4, 'role-delete', 'web', '2025-04-09 09:08:17', '2025-04-09 09:08:17'),
(5, 'staff-list', 'web', '2025-04-09 09:08:17', '2025-04-09 09:08:17'),
(6, 'staff-create', 'web', '2025-04-09 09:08:17', '2025-04-09 09:08:17'),
(7, 'staff-update', 'web', '2025-04-09 09:08:17', '2025-04-09 09:08:17'),
(8, 'staff-delete', 'web', '2025-04-09 09:08:17', '2025-04-09 09:08:17'),
(9, 'category-list', 'web', '2025-04-09 09:08:17', '2025-04-09 09:08:17'),
(10, 'category-create', 'web', '2025-04-09 09:08:17', '2025-04-09 09:08:17'),
(11, 'category-update', 'web', '2025-04-09 09:08:17', '2025-04-09 09:08:17'),
(12, 'category-delete', 'web', '2025-04-09 09:08:17', '2025-04-09 09:08:17'),
(13, 'custom-field-list', 'web', '2025-04-09 09:08:17', '2025-04-09 09:08:17'),
(14, 'custom-field-create', 'web', '2025-04-09 09:08:17', '2025-04-09 09:08:17'),
(15, 'custom-field-update', 'web', '2025-04-09 09:08:17', '2025-04-09 09:08:17'),
(16, 'custom-field-delete', 'web', '2025-04-09 09:08:17', '2025-04-09 09:08:17'),
(17, 'item-list', 'web', '2025-04-09 09:08:17', '2025-04-09 09:08:17'),
(18, 'item-update', 'web', '2025-04-09 09:08:17', '2025-04-09 09:08:17'),
(19, 'item-listing-package-list', 'web', '2025-04-09 09:08:17', '2025-04-09 09:08:17'),
(20, 'item-listing-package-create', 'web', '2025-04-09 09:08:17', '2025-04-09 09:08:17'),
(21, 'item-listing-package-update', 'web', '2025-04-09 09:08:17', '2025-04-09 09:08:17'),
(22, 'item-listing-package-delete', 'web', '2025-04-09 09:08:17', '2025-04-09 09:08:17'),
(23, 'advertisement-package-list', 'web', '2025-04-09 09:08:17', '2025-04-09 09:08:17'),
(24, 'advertisement-package-create', 'web', '2025-04-09 09:08:17', '2025-04-09 09:08:17'),
(25, 'advertisement-package-update', 'web', '2025-04-09 09:08:17', '2025-04-09 09:08:17'),
(26, 'advertisement-package-delete', 'web', '2025-04-09 09:08:17', '2025-04-09 09:08:17'),
(27, 'user-package-list', 'web', '2025-04-09 09:08:17', '2025-04-09 09:08:17'),
(28, 'payment-transactions-list', 'web', '2025-04-09 09:08:17', '2025-04-09 09:08:17'),
(29, 'slider-create', 'web', '2025-04-09 09:08:17', '2025-04-09 09:08:17'),
(30, 'slider-delete', 'web', '2025-04-09 09:08:17', '2025-04-09 09:08:17'),
(31, 'slider-list', 'web', '2025-04-09 09:08:17', '2025-04-09 09:08:17'),
(32, 'feature-section-list', 'web', '2025-04-09 09:08:17', '2025-04-09 09:08:17'),
(33, 'feature-section-create', 'web', '2025-04-09 09:08:17', '2025-04-09 09:08:17'),
(34, 'feature-section-update', 'web', '2025-04-09 09:08:17', '2025-04-09 09:08:17'),
(35, 'feature-section-delete', 'web', '2025-04-09 09:08:17', '2025-04-09 09:08:17'),
(36, 'report-reason-list', 'web', '2025-04-09 09:08:17', '2025-04-09 09:08:17'),
(37, 'report-reason-create', 'web', '2025-04-09 09:08:17', '2025-04-09 09:08:17'),
(38, 'report-reason-update', 'web', '2025-04-09 09:08:17', '2025-04-09 09:08:17'),
(39, 'report-reason-delete', 'web', '2025-04-09 09:08:17', '2025-04-09 09:08:17'),
(40, 'user-reports-list', 'web', '2025-04-09 09:08:17', '2025-04-09 09:08:17'),
(41, 'notification-list', 'web', '2025-04-09 09:08:17', '2025-04-09 09:08:17'),
(42, 'notification-create', 'web', '2025-04-09 09:08:17', '2025-04-09 09:08:17'),
(43, 'notification-update', 'web', '2025-04-09 09:08:17', '2025-04-09 09:08:17'),
(44, 'notification-delete', 'web', '2025-04-09 09:08:17', '2025-04-09 09:08:17'),
(45, 'customer-list', 'web', '2025-04-09 09:08:17', '2025-04-09 09:08:17'),
(46, 'customer-update', 'web', '2025-04-09 09:08:17', '2025-04-09 09:08:17'),
(47, 'settings-update', 'web', '2025-04-09 09:08:17', '2025-04-09 09:08:17'),
(48, 'tip-list', 'web', '2025-04-09 09:08:17', '2025-04-09 09:08:17'),
(49, 'tip-create', 'web', '2025-04-09 09:08:17', '2025-04-09 09:08:17'),
(50, 'tip-update', 'web', '2025-04-09 09:08:17', '2025-04-09 09:08:17'),
(51, 'tip-delete', 'web', '2025-04-09 09:08:17', '2025-04-09 09:08:17'),
(52, 'blog-list', 'web', '2025-04-09 09:08:17', '2025-04-09 09:08:17'),
(53, 'blog-create', 'web', '2025-04-09 09:08:17', '2025-04-09 09:08:17'),
(54, 'blog-update', 'web', '2025-04-09 09:08:17', '2025-04-09 09:08:17'),
(55, 'blog-delete', 'web', '2025-04-09 09:08:17', '2025-04-09 09:08:17'),
(56, 'country-list', 'web', '2025-04-09 09:08:17', '2025-04-09 09:08:17'),
(57, 'country-create', 'web', '2025-04-09 09:08:17', '2025-04-09 09:08:17'),
(58, 'country-update', 'web', '2025-04-09 09:08:17', '2025-04-09 09:08:17'),
(59, 'country-delete', 'web', '2025-04-09 09:08:17', '2025-04-09 09:08:17'),
(60, 'state-list', 'web', '2025-04-09 09:08:17', '2025-04-09 09:08:17'),
(61, 'state-create', 'web', '2025-04-09 09:08:17', '2025-04-09 09:08:17'),
(62, 'state-update', 'web', '2025-04-09 09:08:17', '2025-04-09 09:08:17'),
(63, 'state-delete', 'web', '2025-04-09 09:08:17', '2025-04-09 09:08:17'),
(64, 'city-list', 'web', '2025-04-09 09:08:17', '2025-04-09 09:08:17'),
(65, 'city-create', 'web', '2025-04-09 09:08:17', '2025-04-09 09:08:17'),
(66, 'city-update', 'web', '2025-04-09 09:08:17', '2025-04-09 09:08:17'),
(67, 'city-delete', 'web', '2025-04-09 09:08:17', '2025-04-09 09:08:17'),
(68, 'area-list', 'web', '2025-04-09 09:08:17', '2025-04-09 09:08:17'),
(69, 'area-create', 'web', '2025-04-09 09:08:17', '2025-04-09 09:08:17'),
(70, 'area-update', 'web', '2025-04-09 09:08:17', '2025-04-09 09:08:17'),
(71, 'area-delete', 'web', '2025-04-09 09:08:17', '2025-04-09 09:08:17'),
(72, 'faq-list', 'web', '2025-04-09 09:08:17', '2025-04-09 09:08:17'),
(73, 'faq-create', 'web', '2025-04-09 09:08:17', '2025-04-09 09:08:17'),
(74, 'faq-update', 'web', '2025-04-09 09:08:17', '2025-04-09 09:08:17'),
(75, 'faq-delete', 'web', '2025-04-09 09:08:17', '2025-04-09 09:08:17'),
(76, 'seller-verification-field-list', 'web', '2025-04-09 09:08:17', '2025-04-09 09:08:17'),
(77, 'seller-verification-field-create', 'web', '2025-04-09 09:08:17', '2025-04-09 09:08:17'),
(78, 'seller-verification-field-update', 'web', '2025-04-09 09:08:17', '2025-04-09 09:08:17'),
(79, 'seller-verification-field-delete', 'web', '2025-04-09 09:08:17', '2025-04-09 09:08:17'),
(80, 'seller-verification-request-list', 'web', '2025-04-09 09:08:17', '2025-04-09 09:08:17'),
(81, 'seller-verification-request-update', 'web', '2025-04-09 09:08:17', '2025-04-09 09:08:17');

-- --------------------------------------------------------

--
-- Table structure for table `personal_access_tokens`
--

CREATE TABLE `personal_access_tokens` (
  `id` bigint(20) UNSIGNED NOT NULL,
  `tokenable_type` varchar(191) NOT NULL,
  `tokenable_id` bigint(20) UNSIGNED NOT NULL,
  `name` varchar(191) NOT NULL,
  `token` varchar(64) NOT NULL,
  `abilities` text DEFAULT NULL,
  `last_used_at` timestamp NULL DEFAULT NULL,
  `expires_at` timestamp NULL DEFAULT NULL,
  `created_at` timestamp NULL DEFAULT NULL,
  `updated_at` timestamp NULL DEFAULT NULL
) ENGINE=InnoDB DEFAULT CHARSET=utf8mb4 COLLATE=utf8mb4_unicode_ci;

--
-- Dumping data for table `personal_access_tokens`
--

INSERT INTO `personal_access_tokens` (`id`, `tokenable_type`, `tokenable_id`, `name`, `token`, `abilities`, `last_used_at`, `expires_at`, `created_at`, `updated_at`) VALUES
(1, 'App\\Models\\User', 2, 'Optimal Solutions', 'd4dbb4739b1d43fe7c3da87f313c708ad5a03eddc5c01e62b86852dcd250e53a', '[\"*\"]', '2025-04-10 05:53:07', NULL, '2025-04-10 05:52:24', '2025-04-10 05:53:07'),
(2, 'App\\Models\\User', 3, 'Fadi Nassar', '247846092d49cf9708cd13695ba181a93fb02931c92a298a59b08ee27f8cb6cf', '[\"*\"]', '2025-04-10 06:12:27', NULL, '2025-04-10 06:09:24', '2025-04-10 06:12:27'),
(3, 'App\\Models\\User', 4, 'fadi', 'c31bbececcd72b0541a4e543e423238cc018bc301d04170cb61f98e6d26dc384', '[\"*\"]', '2025-04-13 03:53:09', NULL, '2025-04-10 06:16:06', '2025-04-13 03:53:09'),
(4, 'App\\Models\\User', 2, 'Optimal Solutions', '970f04f7daa1e2e0887fac909641d80a0400a427450beb08daefdeab3ecf7529', '[\"*\"]', '2025-04-14 03:57:22', NULL, '2025-04-10 06:26:26', '2025-04-14 03:57:22'),
(5, 'App\\Models\\User', 5, 'alaa kassem', '21fbb922e8e503ce2c991b6070a9c8776be9053cf72374ba08d5cd977d25ae46', '[\"*\"]', '2025-04-11 08:52:14', NULL, '2025-04-10 07:42:44', '2025-04-11 08:52:14'),
(6, 'App\\Models\\User', 3, 'Fadi Nassar', '84edd64e4e13358d9e1f7b13d3a51515b8bd19a0ddd49f11d5809e3edf55efaa', '[\"*\"]', '2025-04-11 08:08:52', NULL, '2025-04-11 08:07:37', '2025-04-11 08:08:52'),
(7, 'App\\Models\\User', 3, 'Fadi Nassar', '1cd22a6ecb69ebee04a4b37d96aad22b951b1d7d1f41e0015e6848af98262877', '[\"*\"]', '2025-04-11 11:29:51', NULL, '2025-04-11 08:10:14', '2025-04-11 11:29:51'),
(8, 'App\\Models\\User', 3, 'Fadi Nassar', '15632807e6475624e3a0d0adc0f7fac12c2d77f331e5f4b6b8f60d3a57ddac46', '[\"*\"]', '2025-04-11 11:32:42', NULL, '2025-04-11 11:32:20', '2025-04-11 11:32:42'),
(9, 'App\\Models\\User', 3, 'Fadi Nassar', 'c5189fc68d6440a6d891eba03cd9ad538a4529a3300cebceaa290c7a3b2c5f5d', '[\"*\"]', '2025-04-12 03:50:15', NULL, '2025-04-11 11:32:48', '2025-04-12 03:50:15'),
(10, 'App\\Models\\User', 3, 'Fadi Nassar', 'c76379abdbf1627b6b6ca9c94bd667104d929de70a13ec102c6d0999ae0efeeb', '[\"*\"]', '2025-04-12 03:53:37', NULL, '2025-04-12 03:51:51', '2025-04-12 03:53:37'),
(11, 'App\\Models\\User', 4, 'FADI nassar', '55ab4b0c52282acfb459462e13ebff479916483401728146d27d6d393423ece5', '[\"*\"]', '2025-04-14 02:51:58', NULL, '2025-04-12 03:53:55', '2025-04-14 02:51:58');

-- --------------------------------------------------------

--
-- Table structure for table `report_reasons`
--

CREATE TABLE `report_reasons` (
  `id` bigint(20) UNSIGNED NOT NULL,
  `reason` longtext NOT NULL,
  `created_at` timestamp NULL DEFAULT NULL,
  `updated_at` timestamp NULL DEFAULT NULL
) ENGINE=InnoDB DEFAULT CHARSET=utf8mb4 COLLATE=utf8mb4_unicode_ci;

-- --------------------------------------------------------

--
-- Table structure for table `roles`
--

CREATE TABLE `roles` (
  `id` bigint(20) UNSIGNED NOT NULL,
  `name` varchar(191) NOT NULL,
  `guard_name` varchar(191) NOT NULL,
  `custom_role` tinyint(1) NOT NULL DEFAULT 0,
  `created_at` timestamp NULL DEFAULT NULL,
  `updated_at` timestamp NULL DEFAULT NULL
) ENGINE=InnoDB DEFAULT CHARSET=utf8mb4 COLLATE=utf8mb4_unicode_ci;

--
-- Dumping data for table `roles`
--

INSERT INTO `roles` (`id`, `name`, `guard_name`, `custom_role`, `created_at`, `updated_at`) VALUES
(1, 'User', 'web', 0, '2025-04-09 09:08:16', '2025-04-09 09:08:16'),
(2, 'Super Admin', 'web', 0, '2025-04-09 09:08:16', '2025-04-09 09:08:16');

-- --------------------------------------------------------

--
-- Table structure for table `role_has_permissions`
--

CREATE TABLE `role_has_permissions` (
  `permission_id` bigint(20) UNSIGNED NOT NULL,
  `role_id` bigint(20) UNSIGNED NOT NULL
) ENGINE=InnoDB DEFAULT CHARSET=utf8mb4 COLLATE=utf8mb4_unicode_ci;

-- --------------------------------------------------------

--
-- Table structure for table `seller_ratings`
--

CREATE TABLE `seller_ratings` (
  `id` bigint(20) UNSIGNED NOT NULL,
  `seller_id` bigint(20) UNSIGNED NOT NULL,
  `buyer_id` bigint(20) UNSIGNED NOT NULL,
  `item_id` bigint(20) UNSIGNED NOT NULL,
  `review` varchar(191) DEFAULT NULL,
  `ratings` double(8,2) NOT NULL,
  `created_at` timestamp NULL DEFAULT NULL,
  `updated_at` timestamp NULL DEFAULT NULL,
  `deleted_at` timestamp NULL DEFAULT NULL,
  `report_status` enum('reported','rejected','approved') DEFAULT NULL,
  `report_reason` varchar(191) DEFAULT NULL,
  `report_rejected_reason` varchar(191) DEFAULT NULL
) ENGINE=InnoDB DEFAULT CHARSET=utf8mb4 COLLATE=utf8mb4_unicode_ci;

-- --------------------------------------------------------

--
-- Table structure for table `seo_settings`
--

CREATE TABLE `seo_settings` (
  `id` bigint(20) UNSIGNED NOT NULL,
  `page` varchar(191) DEFAULT NULL,
  `title` varchar(191) DEFAULT NULL,
  `description` varchar(191) DEFAULT NULL,
  `keywords` varchar(191) DEFAULT NULL,
  `image` varchar(512) DEFAULT NULL,
  `created_at` timestamp NULL DEFAULT NULL,
  `updated_at` timestamp NULL DEFAULT NULL
) ENGINE=InnoDB DEFAULT CHARSET=utf8mb4 COLLATE=utf8mb4_unicode_ci;

-- --------------------------------------------------------

--
-- Table structure for table `settings`
--

CREATE TABLE `settings` (
  `id` bigint(20) UNSIGNED NOT NULL,
  `name` varchar(191) NOT NULL,
  `value` text DEFAULT NULL,
  `type` enum('string','file') NOT NULL DEFAULT 'string',
  `created_at` timestamp NULL DEFAULT NULL,
  `updated_at` timestamp NULL DEFAULT NULL
) ENGINE=InnoDB DEFAULT CHARSET=utf8mb4 COLLATE=utf8mb4_unicode_ci;

--
-- Dumping data for table `settings`
--

INSERT INTO `settings` (`id`, `name`, `value`, `type`, `created_at`, `updated_at`) VALUES
(1, 'banner_ad_id_android', '', 'string', NULL, '2025-04-09 09:08:17'),
(2, 'banner_ad_id_ios', '', 'string', NULL, '2025-04-09 09:08:17'),
(3, 'banner_ad_status', '', 'string', NULL, '2025-04-09 09:08:17'),
(4, 'interstitial_ad_id_android', '', 'string', NULL, '2025-04-09 09:08:17'),
(5, 'interstitial_ad_id_ios', '', 'string', NULL, '2025-04-09 09:08:17'),
(6, 'interstitial_ad_status', '', 'string', NULL, '2025-04-09 09:08:17'),
(7, 'currency_symbol', '$', 'string', '2025-04-09 09:08:17', '2025-04-10 14:30:36'),
(8, 'ios_version', '1.0.0', 'string', '2025-04-09 09:08:17', '2025-04-10 14:30:36'),
(9, 'default_language', 'en', 'string', '2025-04-09 09:08:17', '2025-04-10 14:30:36'),
(10, 'force_update', '0', 'string', '2025-04-09 09:08:17', '2025-04-10 14:30:36'),
(11, 'android_version', '1.0.0', 'string', '2025-04-09 09:08:17', '2025-04-10 14:30:36'),
(12, 'number_with_suffix', '0', 'string', '2025-04-09 09:08:17', '2025-04-09 09:08:17'),
(13, 'maintenance_mode', '0', 'string', '2025-04-09 09:08:17', '2025-04-10 14:30:36'),
(14, 'privacy_policy', '', 'string', '2025-04-09 09:08:17', '2025-04-09 09:08:17'),
(15, 'contact_us', '', 'string', '2025-04-09 09:08:17', '2025-04-09 09:08:17'),
(16, 'terms_conditions', '', 'string', '2025-04-09 09:08:17', '2025-04-09 09:08:17'),
(17, 'about_us', '', 'string', '2025-04-09 09:08:17', '2025-04-09 09:08:17'),
(18, 'company_tel1', '9613755614', 'string', '2025-04-09 09:08:17', '2025-04-10 14:30:36'),
(19, 'company_tel2', NULL, 'string', '2025-04-09 09:08:17', '2025-04-10 14:30:36'),
(20, 'system_version', '2.4.0', 'string', '2025-04-09 09:08:17', '2025-04-09 09:08:17'),
(21, 'company_email', 'touficy@optimalsolutions.it', 'string', '2025-04-09 09:08:17', '2025-04-10 14:30:36'),
(22, 'company_name', 'Taki', 'string', '2025-04-09 09:08:17', '2025-04-10 14:30:36'),
(23, 'company_logo', 'settings/67f7f22c515292.869880281744302636.png', 'file', '2025-04-09 09:08:17', '2025-04-10 14:30:36'),
(24, 'favicon_icon', 'settings/67f7f22c197cf5.975920741744302636.png', 'file', '2025-04-09 09:08:17', '2025-04-10 14:30:36'),
(25, 'login_image', 'assets/images/bg/login.jpg', 'file', '2025-04-09 09:08:17', '2025-04-09 09:08:17'),
(26, 'pinterest_link', NULL, 'string', '2025-04-09 09:08:17', '2025-04-10 14:37:50'),
(27, 'linkedin_link', NULL, 'string', '2025-04-09 09:08:17', '2025-04-10 14:37:50'),
(28, 'facebook_link', NULL, 'string', '2025-04-09 09:08:17', '2025-04-10 14:37:50'),
(29, 'x_link', NULL, 'string', '2025-04-09 09:08:17', '2025-04-10 14:37:50'),
(30, 'instagram_link', NULL, 'string', '2025-04-09 09:08:17', '2025-04-10 14:37:50'),
(31, 'google_map_iframe_link', NULL, 'string', '2025-04-09 09:08:17', '2025-04-10 14:37:50'),
(32, 'app_store_link', NULL, 'string', '2025-04-09 09:08:17', '2025-04-10 14:30:36'),
(33, 'play_store_link', NULL, 'string', '2025-04-09 09:08:17', '2025-04-10 14:30:36'),
(34, 'footer_description', NULL, 'string', '2025-04-09 09:08:17', '2025-04-10 14:37:50'),
(35, 'web_theme_color', '#00b3cc', 'string', '2025-04-09 09:08:17', '2025-04-10 14:37:50'),
(36, 'firebase_project_id', '615743228368', 'string', '2025-04-09 09:08:17', '2025-04-11 05:15:17'),
(37, 'company_address', NULL, 'string', '2025-04-09 09:08:17', '2025-04-10 14:30:36'),
(38, 'place_api_key', 'AIzaSyBtFv60TZy1k60gcj57q-L4YrbiRob3MVw', 'string', '2025-04-09 09:08:17', '2025-04-10 14:37:50'),
(39, 'placeholder_image', 'settings/67f7f3de260ea7.088422681744303070.png', 'file', '2025-04-09 09:08:17', '2025-04-10 14:37:50'),
(40, 'header_logo', 'settings/67f7f27b863ad1.040766841744302715.png', 'file', '2025-04-09 09:08:17', '2025-04-10 14:31:56'),
(41, 'footer_logo', 'settings/67f7f2ce15dff2.848105421744302798.png', 'file', '2025-04-09 09:08:17', '2025-04-10 14:33:18'),
(42, 'default_latitude', '-23.2420', 'string', '2025-04-09 09:08:17', '2025-04-10 14:37:50'),
(43, 'default_longitude', '-69.6669', 'string', '2025-04-09 09:08:17', '2025-04-10 14:37:50'),
(44, 'file_manager', 'public', 'string', '2025-04-09 09:08:17', '2025-04-09 09:08:17'),
(45, 'show_landing_page', '1', '', '2025-04-09 09:08:17', '2025-04-10 14:37:50'),
(46, 'mobile_authentication', '1', '', '2025-04-09 09:08:17', '2025-04-10 14:30:36'),
(47, 'google_authentication', '1', '', '2025-04-09 09:08:17', '2025-04-10 14:30:36'),
(48, 'email_authentication', '1', '', '2025-04-09 09:08:17', '2025-04-10 14:30:36'),
(49, 'min_length', NULL, '', '2025-04-09 09:08:17', '2025-04-10 14:30:36'),
(50, 'max_length', NULL, '', '2025-04-09 09:08:17', '2025-04-10 14:30:36'),
(51, 'currency_symbol_position', 'right', 'string', '2025-04-09 09:08:17', '2025-04-10 14:30:36'),
(52, 'free_ad_listing', '1', '', '2025-04-09 09:08:17', '2025-04-10 14:30:36'),
(53, 'auto_approve_item', '1', '', '2025-04-09 09:08:17', '2025-04-10 14:30:36'),
(161, 'apple_authentication', '1', 'string', '2025-04-10 04:57:23', '2025-04-10 14:30:36'),
(183, 'service_file', 'settings/67f8c1856a27e0.349926591744355717.json', 'file', '2025-04-10 05:06:15', '2025-04-11 05:15:17'),
(185, 'watermark_image', 'settings/67f7f22c84bae0.983851951744302636.png', 'file', '2025-04-10 14:28:38', '2025-04-10 14:30:36');

-- --------------------------------------------------------

--
-- Table structure for table `sliders`
--

CREATE TABLE `sliders` (
  `id` bigint(20) UNSIGNED NOT NULL,
  `image` varchar(191) NOT NULL,
  `sequence` varchar(191) NOT NULL,
  `third_party_link` varchar(191) DEFAULT NULL,
  `created_at` timestamp NULL DEFAULT NULL,
  `updated_at` timestamp NULL DEFAULT NULL,
  `model_type` varchar(191) DEFAULT NULL,
  `model_id` bigint(20) UNSIGNED DEFAULT NULL
) ENGINE=InnoDB DEFAULT CHARSET=utf8mb4 COLLATE=utf8mb4_unicode_ci;

--
-- Dumping data for table `sliders`
--

INSERT INTO `sliders` (`id`, `image`, `sequence`, `third_party_link`, `created_at`, `updated_at`, `model_type`, `model_id`) VALUES
(1, 'sliders/67f69a7797cf23.870407301744214647.jpg', '1', 'https://www.youtube.com/watch?v=ABGvo3TPFaE&t=3228s', '2025-04-09 14:04:07', '2025-04-09 14:04:07', NULL, NULL),
(5, 'sliders/67fb4ae91782f9.827980711744521961.jpg', '5', '', '2025-04-13 03:26:01', '2025-04-13 03:26:01', 'App\\Models\\Category', 130),
(6, 'sliders/67fb4b45634c19.282716381744522053.jpg', '6', '', '2025-04-13 03:27:33', '2025-04-13 03:27:33', 'App\\Models\\Item', 3);

-- --------------------------------------------------------

--
-- Table structure for table `social_logins`
--

CREATE TABLE `social_logins` (
  `id` bigint(20) UNSIGNED NOT NULL,
  `user_id` bigint(20) UNSIGNED NOT NULL,
  `firebase_id` varchar(512) NOT NULL,
  `type` enum('google','email','phone','apple') NOT NULL,
  `created_at` timestamp NULL DEFAULT NULL,
  `updated_at` timestamp NULL DEFAULT NULL
) ENGINE=InnoDB DEFAULT CHARSET=utf8mb4 COLLATE=utf8mb4_unicode_ci;

--
-- Dumping data for table `social_logins`
--

INSERT INTO `social_logins` (`id`, `user_id`, `firebase_id`, `type`, `created_at`, `updated_at`) VALUES
(1, 2, 'PnPa6PrxX8dnlEuAok2BiqlC8703', 'google', '2025-04-10 05:52:24', '2025-04-10 05:52:24'),
(2, 3, 'vj8W8KwLWzLJoXuMdaJAqySeaLg1', 'google', '2025-04-10 06:09:24', '2025-04-10 06:09:24'),
(3, 4, 'ZnGvgk9diNUisu1hhQIuB7Udbdd2', 'email', '2025-04-10 06:13:34', '2025-04-10 06:13:34'),
(4, 5, 'DQSzJqIkxgfjhGKxJkC7Jnqh8B52', 'google', '2025-04-10 07:42:44', '2025-04-10 07:42:44'),
(5, 4, 'ZnGvgk9diNUisu1hhQIuB7Udbdd2', 'google', '2025-04-12 03:53:55', '2025-04-12 03:53:55');

-- --------------------------------------------------------

--
-- Table structure for table `states`
--

CREATE TABLE `states` (
  `id` bigint(20) UNSIGNED NOT NULL,
  `name` varchar(255) NOT NULL,
  `country_id` bigint(20) UNSIGNED NOT NULL,
  `state_code` char(2) NOT NULL,
  `fips_code` varchar(255) DEFAULT NULL,
  `iso2` varchar(255) DEFAULT NULL,
  `type` varchar(191) DEFAULT NULL,
  `latitude` decimal(8,2) DEFAULT NULL,
  `longitude` decimal(8,2) DEFAULT NULL,
  `flag` tinyint(1) DEFAULT NULL,
  `wikiDataId` varchar(255) DEFAULT NULL,
  `created_at` timestamp NULL DEFAULT NULL,
  `updated_at` timestamp NULL DEFAULT NULL
) ENGINE=InnoDB DEFAULT CHARSET=utf8mb4 COLLATE=utf8mb4_unicode_ci;

--
-- Dumping data for table `states`
--

INSERT INTO `states` (`id`, `name`, `country_id`, `state_code`, `fips_code`, `iso2`, `type`, `latitude`, `longitude`, `flag`, `wikiDataId`, `created_at`, `updated_at`) VALUES
(212, 'Bié Province', 7, 'BI', NULL, NULL, NULL, '-12.57', '17.67', NULL, NULL, '2025-04-09 11:26:19', '2025-04-09 11:26:19'),
(213, 'Huambo Province', 7, 'HU', NULL, NULL, NULL, '-12.53', '15.59', NULL, NULL, '2025-04-09 11:26:19', '2025-04-09 11:26:19'),
(214, 'Zaire Province', 7, 'ZA', NULL, NULL, NULL, '-6.57', '13.17', NULL, NULL, '2025-04-09 11:26:19', '2025-04-09 11:26:19'),
(215, 'Cunene Province', 7, 'CN', NULL, NULL, NULL, '-16.28', '16.16', NULL, NULL, '2025-04-09 11:26:19', '2025-04-09 11:26:19'),
(216, 'Cuanza Sul', 7, 'CU', NULL, NULL, NULL, '-10.60', '15.41', NULL, NULL, '2025-04-09 11:26:19', '2025-04-09 11:26:19'),
(217, 'Cuanza Norte Province', 7, 'CN', NULL, NULL, NULL, '-9.24', '14.66', NULL, NULL, '2025-04-09 11:26:19', '2025-04-09 11:26:19'),
(218, 'Benguela Province', 7, 'BG', NULL, NULL, NULL, '-12.80', '13.91', NULL, NULL, '2025-04-09 11:26:19', '2025-04-09 11:26:19'),
(219, 'Moxico Province', 7, 'MO', NULL, NULL, NULL, '-13.43', '20.33', NULL, NULL, '2025-04-09 11:26:19', '2025-04-09 11:26:19'),
(220, 'Lunda Sul Province', 7, 'LS', NULL, NULL, NULL, '-10.29', '20.71', NULL, NULL, '2025-04-09 11:26:19', '2025-04-09 11:26:19'),
(221, 'Bengo Province', 7, 'BG', NULL, NULL, NULL, '-9.10', '13.73', NULL, NULL, '2025-04-09 11:26:19', '2025-04-09 11:26:19'),
(222, 'Luanda Province', 7, 'LU', NULL, NULL, NULL, '-9.04', '13.27', NULL, NULL, '2025-04-09 11:26:19', '2025-04-09 11:26:19'),
(223, 'Lunda Norte Province', 7, 'LN', NULL, NULL, NULL, '-8.35', '19.19', NULL, NULL, '2025-04-09 11:26:19', '2025-04-09 11:26:19'),
(224, 'Uíge Province', 7, 'UI', NULL, NULL, NULL, '-7.17', '15.41', NULL, NULL, '2025-04-09 11:26:19', '2025-04-09 11:26:19'),
(225, 'Huíla Province', 7, 'HU', NULL, NULL, NULL, '-14.93', '14.66', NULL, NULL, '2025-04-09 11:26:19', '2025-04-09 11:26:19'),
(226, 'Cuando Cubango Province', 7, 'CC', NULL, NULL, NULL, '-16.42', '18.81', NULL, NULL, '2025-04-09 11:26:19', '2025-04-09 11:26:19'),
(227, 'Malanje Province', 7, 'MA', NULL, NULL, NULL, '-9.83', '16.91', NULL, NULL, '2025-04-09 11:26:19', '2025-04-09 11:26:19'),
(228, 'Cabinda Province', 7, 'CA', NULL, NULL, NULL, '-5.02', '12.35', NULL, NULL, '2025-04-09 11:26:19', '2025-04-09 11:26:19');

-- --------------------------------------------------------

--
-- Table structure for table `tips`
--

CREATE TABLE `tips` (
  `id` bigint(20) UNSIGNED NOT NULL,
  `description` varchar(512) NOT NULL,
  `sequence` int(11) NOT NULL,
  `created_at` timestamp NULL DEFAULT NULL,
  `updated_at` timestamp NULL DEFAULT NULL,
  `deleted_at` timestamp NULL DEFAULT NULL
) ENGINE=InnoDB DEFAULT CHARSET=utf8mb4 COLLATE=utf8mb4_unicode_ci;

--
-- Dumping data for table `tips`
--

INSERT INTO `tips` (`id`, `description`, `sequence`, `created_at`, `updated_at`, `deleted_at`) VALUES
(1, 'Safety tips\r\n-Check Feedback to make sure the person is reliable\r\n-Agree on the scope of work and remuneration\r\n-Meet in person at a safe public place', 0, '2025-04-13 03:18:20', '2025-04-13 03:18:20', NULL);

-- --------------------------------------------------------

--
-- Table structure for table `tip_translations`
--

CREATE TABLE `tip_translations` (
  `id` bigint(20) UNSIGNED NOT NULL,
  `tip_id` bigint(20) UNSIGNED NOT NULL,
  `language_id` bigint(20) UNSIGNED NOT NULL,
  `description` varchar(512) NOT NULL,
  `created_at` timestamp NULL DEFAULT NULL,
  `updated_at` timestamp NULL DEFAULT NULL
) ENGINE=InnoDB DEFAULT CHARSET=utf8mb4 COLLATE=utf8mb4_unicode_ci;

--
-- Dumping data for table `tip_translations`
--

INSERT INTO `tip_translations` (`id`, `tip_id`, `language_id`, `description`, `created_at`, `updated_at`) VALUES
(1, 1, 3, 'Dicas de segurança\r\n-Verifique o feedback para garantir que a pessoa seja confiável\r\n-Chequem o escopo do trabalho e a remuneração\r\n-Encontrem-se pessoalmente em um local público e seguro', '2025-04-13 03:18:20', '2025-04-13 03:18:20');

-- --------------------------------------------------------

--
-- Table structure for table `users`
--

CREATE TABLE `users` (
  `id` bigint(20) UNSIGNED NOT NULL,
  `name` varchar(191) NOT NULL,
  `email` varchar(191) NOT NULL,
  `mobile` varchar(191) DEFAULT NULL,
  `email_verified_at` timestamp NULL DEFAULT NULL,
  `profile` varchar(191) DEFAULT NULL,
  `type` varchar(191) DEFAULT NULL COMMENT 'remove in next update',
  `password` varchar(191) NOT NULL,
  `fcm_id` varchar(191) NOT NULL COMMENT 'remove this in next update',
  `notification` tinyint(1) NOT NULL DEFAULT 1,
  `firebase_id` varchar(191) DEFAULT NULL COMMENT 'remove in next update',
  `address` text DEFAULT NULL,
  `remember_token` varchar(100) DEFAULT NULL,
  `created_at` timestamp NULL DEFAULT NULL,
  `updated_at` timestamp NULL DEFAULT NULL,
  `deleted_at` timestamp NULL DEFAULT NULL,
  `country_code` varchar(191) DEFAULT NULL,
  `show_personal_details` tinyint(1) NOT NULL DEFAULT 1,
  `is_verified` tinyint(1) NOT NULL DEFAULT 0,
  `auto_approve_item` tinyint(1) NOT NULL DEFAULT 0
) ENGINE=InnoDB DEFAULT CHARSET=utf8mb4 COLLATE=utf8mb4_unicode_ci;

--
-- Dumping data for table `users`
--

INSERT INTO `users` (`id`, `name`, `email`, `mobile`, `email_verified_at`, `profile`, `type`, `password`, `fcm_id`, `notification`, `firebase_id`, `address`, `remember_token`, `created_at`, `updated_at`, `deleted_at`, `country_code`, `show_personal_details`, `is_verified`, `auto_approve_item`) VALUES
(1, 'admin', 'admin@gmail.com', NULL, NULL, NULL, NULL, '$2y$10$PGIDIpqtyX/fIlBATdbFf.30kxvt46fMYnyMlOra2CHobYnVCgnsK', '', 1, NULL, NULL, NULL, '2025-04-09 09:08:17', '2025-04-09 09:08:17', NULL, NULL, 1, 0, 0),
(2, 'Optimal Solutions', 'touficy@optimalsolutions.it', NULL, NULL, NULL, 'google', '', '', 1, 'PnPa6PrxX8dnlEuAok2BiqlC8703', NULL, NULL, '2025-04-10 05:52:24', '2025-04-10 05:52:24', NULL, NULL, 1, 0, 0),
(3, 'Fadi Nassar', 'naroslda@gmail.com', '927121222', NULL, NULL, 'google', '', '', 1, 'vj8W8KwLWzLJoXuMdaJAqySeaLg1', 'luanda', NULL, '2025-04-10 06:09:24', '2025-04-12 03:14:02', NULL, '244', 1, 1, 1),
(4, 'FADI nassar', 'fadi@prosecuritylda.com', '54546464944', NULL, NULL, 'google', '', '', 1, 'ZnGvgk9diNUisu1hhQIuB7Udbdd2', 'aksjsjsj', NULL, '2025-04-10 06:13:34', '2025-04-12 04:07:19', NULL, '93', 1, 0, 0),
(5, 'alaa kassem', 'alaa.kassem816@gmail.com', NULL, NULL, NULL, 'google', '', '', 1, 'DQSzJqIkxgfjhGKxJkC7Jnqh8B52', NULL, NULL, '2025-04-10 07:42:44', '2025-04-10 07:42:44', NULL, NULL, 1, 0, 0);

-- --------------------------------------------------------

--
-- Table structure for table `user_fcm_tokens`
--

CREATE TABLE `user_fcm_tokens` (
  `id` bigint(20) UNSIGNED NOT NULL,
  `user_id` bigint(20) UNSIGNED NOT NULL,
  `fcm_token` varchar(191) NOT NULL,
  `created_at` timestamp NULL DEFAULT NULL,
  `updated_at` timestamp NULL DEFAULT NULL,
  `platform_type` enum('Android','iOS') DEFAULT NULL
) ENGINE=InnoDB DEFAULT CHARSET=utf8mb4 COLLATE=utf8mb4_unicode_ci;

--
-- Dumping data for table `user_fcm_tokens`
--

INSERT INTO `user_fcm_tokens` (`id`, `user_id`, `fcm_token`, `created_at`, `updated_at`, `platform_type`) VALUES
(1, 4, 'eYNHRxMsQKWjAEQvU1oftd:APA91bGE6Lg7_GJCDk-y0Nmlu1NEhf6x70RJ7YgfXqn3hxX1rxg5M_yFTGtjuKkshQQVY1_to3oeGCJoHN3VH2Z6I92DtsESVeeVPtWLedV-NQkCBHZg6lU', '2025-04-12 03:53:55', '2025-04-12 03:53:55', 'Android');

-- --------------------------------------------------------

--
-- Table structure for table `user_purchased_packages`
--

CREATE TABLE `user_purchased_packages` (
  `id` bigint(20) UNSIGNED NOT NULL,
  `user_id` bigint(20) UNSIGNED NOT NULL,
  `package_id` bigint(20) UNSIGNED NOT NULL,
  `start_date` date NOT NULL,
  `end_date` date DEFAULT NULL,
  `total_limit` int(11) DEFAULT NULL,
  `used_limit` int(11) NOT NULL DEFAULT 0,
  `payment_transactions_id` bigint(20) UNSIGNED DEFAULT NULL,
  `created_at` timestamp NULL DEFAULT NULL,
  `updated_at` timestamp NULL DEFAULT NULL
) ENGINE=InnoDB DEFAULT CHARSET=utf8mb4 COLLATE=utf8mb4_unicode_ci;

-- --------------------------------------------------------

--
-- Table structure for table `user_reports`
--

CREATE TABLE `user_reports` (
  `id` bigint(20) UNSIGNED NOT NULL,
  `report_reason_id` bigint(20) UNSIGNED DEFAULT NULL,
  `user_id` bigint(20) UNSIGNED NOT NULL,
  `item_id` bigint(20) UNSIGNED NOT NULL,
  `other_message` longtext DEFAULT NULL,
  `reason` longtext NOT NULL,
  `created_at` timestamp NULL DEFAULT NULL,
  `updated_at` timestamp NULL DEFAULT NULL
) ENGINE=InnoDB DEFAULT CHARSET=utf8mb4 COLLATE=utf8mb4_unicode_ci;

-- --------------------------------------------------------

--
-- Table structure for table `verification_fields`
--

CREATE TABLE `verification_fields` (
  `id` bigint(20) UNSIGNED NOT NULL,
  `name` varchar(191) NOT NULL,
  `type` varchar(191) NOT NULL,
  `values` text DEFAULT NULL,
  `min_length` int(11) DEFAULT NULL,
  `max_length` int(11) DEFAULT NULL,
  `status` enum('review','approved','rejected','sold out','featured') NOT NULL,
  `is_required` tinyint(1) NOT NULL DEFAULT 0,
  `created_at` timestamp NULL DEFAULT NULL,
  `updated_at` timestamp NULL DEFAULT NULL,
  `deleted_at` timestamp NULL DEFAULT NULL
) ENGINE=InnoDB DEFAULT CHARSET=utf8mb4 COLLATE=utf8mb4_unicode_ci;

--
-- Dumping data for table `verification_fields`
--

INSERT INTO `verification_fields` (`id`, `name`, `type`, `values`, `min_length`, `max_length`, `status`, `is_required`, `created_at`, `updated_at`, `deleted_at`) VALUES
(2, 'Frente do cartão de identificação', 'fileinput', NULL, NULL, NULL, 'review', 1, '2025-04-12 04:03:47', '2025-04-12 04:06:14', NULL),
(4, 'cartão de identificação de volta', 'fileinput', NULL, NULL, NULL, 'review', 1, '2025-04-12 04:07:57', '2025-04-12 04:07:57', NULL);

-- --------------------------------------------------------

--
-- Table structure for table `verification_field_values`
--

CREATE TABLE `verification_field_values` (
  `id` bigint(20) UNSIGNED NOT NULL,
  `verification_field_id` bigint(20) UNSIGNED NOT NULL,
  `value` text DEFAULT NULL,
  `user_id` bigint(20) UNSIGNED NOT NULL,
  `verification_request_id` bigint(20) UNSIGNED NOT NULL,
  `created_at` timestamp NULL DEFAULT NULL,
  `updated_at` timestamp NULL DEFAULT NULL
) ENGINE=InnoDB DEFAULT CHARSET=utf8mb4 COLLATE=utf8mb4_unicode_ci;

--
-- Dumping data for table `verification_field_values`
--

INSERT INTO `verification_field_values` (`id`, `verification_field_id`, `value`, `user_id`, `verification_request_id`, `created_at`, `updated_at`) VALUES
(1, 2, 'verification_field_files/67fa0277be5a52.651884951744437879.jpg', 4, 2, '2025-04-12 04:04:39', '2025-04-12 04:04:39');

-- --------------------------------------------------------

--
-- Table structure for table `verification_requests`
--

CREATE TABLE `verification_requests` (
  `id` bigint(20) UNSIGNED NOT NULL,
  `user_id` bigint(20) UNSIGNED NOT NULL,
  `status` enum('pending','approved','rejected','resubmitted') NOT NULL,
  `rejection_reason` text DEFAULT NULL,
  `created_at` timestamp NULL DEFAULT NULL,
  `updated_at` timestamp NULL DEFAULT NULL
) ENGINE=InnoDB DEFAULT CHARSET=utf8mb4 COLLATE=utf8mb4_unicode_ci;

--
-- Dumping data for table `verification_requests`
--

INSERT INTO `verification_requests` (`id`, `user_id`, `status`, `rejection_reason`, `created_at`, `updated_at`) VALUES
(1, 3, 'approved', NULL, '2025-04-11 11:28:51', '2025-04-12 03:14:02'),
(2, 4, 'rejected', 'no pic', '2025-04-12 03:57:23', '2025-04-12 04:05:05');

--
-- Indexes for dumped tables
--

--
-- Indexes for table `areas`
--
ALTER TABLE `areas`
  ADD PRIMARY KEY (`id`),
  ADD KEY `areas_city_id_foreign` (`city_id`),
  ADD KEY `areas_state_id_foreign` (`state_id`),
  ADD KEY `areas_country_id_foreign` (`country_id`);

--
-- Indexes for table `block_users`
--
ALTER TABLE `block_users`
  ADD PRIMARY KEY (`id`),
  ADD UNIQUE KEY `block_users_user_id_blocked_user_id_unique` (`user_id`,`blocked_user_id`),
  ADD KEY `block_users_blocked_user_id_foreign` (`blocked_user_id`);

--
-- Indexes for table `blogs`
--
ALTER TABLE `blogs`
  ADD PRIMARY KEY (`id`);

--
-- Indexes for table `categories`
--
ALTER TABLE `categories`
  ADD PRIMARY KEY (`id`),
  ADD UNIQUE KEY `categories_slug_unique` (`slug`),
  ADD KEY `categories_parent_category_id_foreign` (`parent_category_id`);

--
-- Indexes for table `category_translations`
--
ALTER TABLE `category_translations`
  ADD PRIMARY KEY (`id`),
  ADD UNIQUE KEY `category_translations_category_id_language_id_unique` (`category_id`,`language_id`),
  ADD KEY `category_translations_language_id_foreign` (`language_id`);

--
-- Indexes for table `chats`
--
ALTER TABLE `chats`
  ADD PRIMARY KEY (`id`),
  ADD KEY `chats_sender_id_foreign` (`sender_id`),
  ADD KEY `chats_item_offer_id_foreign` (`item_offer_id`);

--
-- Indexes for table `cities`
--
ALTER TABLE `cities`
  ADD PRIMARY KEY (`id`),
  ADD UNIQUE KEY `cities_name_state_id_country_id_unique` (`name`,`state_id`,`country_id`),
  ADD KEY `cities_state_id_foreign` (`state_id`),
  ADD KEY `cities_country_id_foreign` (`country_id`);

--
-- Indexes for table `contact_us`
--
ALTER TABLE `contact_us`
  ADD PRIMARY KEY (`id`);

--
-- Indexes for table `countries`
--
ALTER TABLE `countries`
  ADD PRIMARY KEY (`id`);

--
-- Indexes for table `custom_fields`
--
ALTER TABLE `custom_fields`
  ADD PRIMARY KEY (`id`);

--
-- Indexes for table `custom_field_categories`
--
ALTER TABLE `custom_field_categories`
  ADD PRIMARY KEY (`id`),
  ADD KEY `custom_field_categories_category_id_foreign` (`category_id`),
  ADD KEY `custom_field_categories_custom_field_id_foreign` (`custom_field_id`);

--
-- Indexes for table `failed_jobs`
--
ALTER TABLE `failed_jobs`
  ADD PRIMARY KEY (`id`),
  ADD UNIQUE KEY `failed_jobs_uuid_unique` (`uuid`);

--
-- Indexes for table `faqs`
--
ALTER TABLE `faqs`
  ADD PRIMARY KEY (`id`);

--
-- Indexes for table `favourites`
--
ALTER TABLE `favourites`
  ADD PRIMARY KEY (`id`),
  ADD KEY `favourites_user_id_foreign` (`user_id`),
  ADD KEY `favourites_item_id_foreign` (`item_id`);

--
-- Indexes for table `featured_items`
--
ALTER TABLE `featured_items`
  ADD PRIMARY KEY (`id`),
  ADD UNIQUE KEY `featured_items_item_id_package_id_unique` (`item_id`,`package_id`),
  ADD KEY `featured_items_package_id_foreign` (`package_id`),
  ADD KEY `featured_items_user_purchased_package_id_foreign` (`user_purchased_package_id`);

--
-- Indexes for table `feature_sections`
--
ALTER TABLE `feature_sections`
  ADD PRIMARY KEY (`id`),
  ADD UNIQUE KEY `feature_sections_slug_unique` (`slug`);

--
-- Indexes for table `items`
--
ALTER TABLE `items`
  ADD PRIMARY KEY (`id`),
  ADD UNIQUE KEY `items_slug_unique` (`slug`),
  ADD KEY `items_user_id_foreign` (`user_id`),
  ADD KEY `items_category_id_foreign` (`category_id`),
  ADD KEY `items_area_id_foreign` (`area_id`),
  ADD KEY `items_sold_to_foreign` (`sold_to`);

--
-- Indexes for table `item_custom_field_values`
--
ALTER TABLE `item_custom_field_values`
  ADD PRIMARY KEY (`id`),
  ADD UNIQUE KEY `item_custom_field_values_item_id_custom_field_id_unique` (`item_id`,`custom_field_id`),
  ADD KEY `item_custom_field_values_custom_field_id_foreign` (`custom_field_id`);

--
-- Indexes for table `item_images`
--
ALTER TABLE `item_images`
  ADD PRIMARY KEY (`id`),
  ADD KEY `item_images_item_id_foreign` (`item_id`);

--
-- Indexes for table `item_offers`
--
ALTER TABLE `item_offers`
  ADD PRIMARY KEY (`id`),
  ADD UNIQUE KEY `item_offers_buyer_id_item_id_unique` (`buyer_id`,`item_id`),
  ADD KEY `item_offers_seller_id_foreign` (`seller_id`),
  ADD KEY `item_offers_item_id_foreign` (`item_id`);

--
-- Indexes for table `languages`
--
ALTER TABLE `languages`
  ADD PRIMARY KEY (`id`);

--
-- Indexes for table `migrations`
--
ALTER TABLE `migrations`
  ADD PRIMARY KEY (`id`);

--
-- Indexes for table `model_has_permissions`
--
ALTER TABLE `model_has_permissions`
  ADD PRIMARY KEY (`permission_id`,`model_id`,`model_type`),
  ADD KEY `model_has_permissions_model_id_model_type_index` (`model_id`,`model_type`);

--
-- Indexes for table `model_has_roles`
--
ALTER TABLE `model_has_roles`
  ADD PRIMARY KEY (`role_id`,`model_id`,`model_type`),
  ADD KEY `model_has_roles_model_id_model_type_index` (`model_id`,`model_type`);

--
-- Indexes for table `notifications`
--
ALTER TABLE `notifications`
  ADD PRIMARY KEY (`id`),
  ADD KEY `notifications_item_id_foreign` (`item_id`);

--
-- Indexes for table `packages`
--
ALTER TABLE `packages`
  ADD PRIMARY KEY (`id`);

--
-- Indexes for table `password_resets`
--
ALTER TABLE `password_resets`
  ADD KEY `password_resets_email_index` (`email`);

--
-- Indexes for table `payment_configurations`
--
ALTER TABLE `payment_configurations`
  ADD PRIMARY KEY (`id`);

--
-- Indexes for table `payment_transactions`
--
ALTER TABLE `payment_transactions`
  ADD PRIMARY KEY (`id`),
  ADD UNIQUE KEY `payment_transactions_payment_gateway_order_id_unique` (`payment_gateway`,`order_id`),
  ADD KEY `payment_transactions_user_id_foreign` (`user_id`);

--
-- Indexes for table `permissions`
--
ALTER TABLE `permissions`
  ADD PRIMARY KEY (`id`),
  ADD UNIQUE KEY `permissions_name_guard_name_unique` (`name`,`guard_name`);

--
-- Indexes for table `personal_access_tokens`
--
ALTER TABLE `personal_access_tokens`
  ADD PRIMARY KEY (`id`),
  ADD UNIQUE KEY `personal_access_tokens_token_unique` (`token`),
  ADD KEY `personal_access_tokens_tokenable_type_tokenable_id_index` (`tokenable_type`,`tokenable_id`);

--
-- Indexes for table `report_reasons`
--
ALTER TABLE `report_reasons`
  ADD PRIMARY KEY (`id`);

--
-- Indexes for table `roles`
--
ALTER TABLE `roles`
  ADD PRIMARY KEY (`id`),
  ADD UNIQUE KEY `roles_name_guard_name_unique` (`name`,`guard_name`);

--
-- Indexes for table `role_has_permissions`
--
ALTER TABLE `role_has_permissions`
  ADD PRIMARY KEY (`permission_id`,`role_id`),
  ADD KEY `role_has_permissions_role_id_foreign` (`role_id`);

--
-- Indexes for table `seller_ratings`
--
ALTER TABLE `seller_ratings`
  ADD PRIMARY KEY (`id`),
  ADD UNIQUE KEY `seller_ratings_item_id_buyer_id_unique` (`item_id`,`buyer_id`),
  ADD KEY `seller_ratings_seller_id_foreign` (`seller_id`),
  ADD KEY `seller_ratings_buyer_id_foreign` (`buyer_id`);

--
-- Indexes for table `seo_settings`
--
ALTER TABLE `seo_settings`
  ADD PRIMARY KEY (`id`);

--
-- Indexes for table `settings`
--
ALTER TABLE `settings`
  ADD PRIMARY KEY (`id`),
  ADD UNIQUE KEY `settings_name_unique` (`name`);

--
-- Indexes for table `sliders`
--
ALTER TABLE `sliders`
  ADD PRIMARY KEY (`id`),
  ADD KEY `sliders_model_type_model_id_index` (`model_type`,`model_id`);

--
-- Indexes for table `social_logins`
--
ALTER TABLE `social_logins`
  ADD PRIMARY KEY (`id`),
  ADD UNIQUE KEY `social_logins_user_id_type_unique` (`user_id`,`type`);

--
-- Indexes for table `states`
--
ALTER TABLE `states`
  ADD PRIMARY KEY (`id`),
  ADD KEY `states_country_id_foreign` (`country_id`);

--
-- Indexes for table `tips`
--
ALTER TABLE `tips`
  ADD PRIMARY KEY (`id`);

--
-- Indexes for table `tip_translations`
--
ALTER TABLE `tip_translations`
  ADD PRIMARY KEY (`id`),
  ADD UNIQUE KEY `tip_translations_tip_id_language_id_unique` (`tip_id`,`language_id`),
  ADD KEY `tip_translations_language_id_foreign` (`language_id`);

--
-- Indexes for table `users`
--
ALTER TABLE `users`
  ADD PRIMARY KEY (`id`),
  ADD UNIQUE KEY `users_firebase_id_type_unique` (`firebase_id`,`type`);

--
-- Indexes for table `user_fcm_tokens`
--
ALTER TABLE `user_fcm_tokens`
  ADD PRIMARY KEY (`id`),
  ADD UNIQUE KEY `user_fcm_tokens_fcm_token_unique` (`fcm_token`),
  ADD KEY `user_fcm_tokens_user_id_foreign` (`user_id`);

--
-- Indexes for table `user_purchased_packages`
--
ALTER TABLE `user_purchased_packages`
  ADD PRIMARY KEY (`id`),
  ADD KEY `user_purchased_packages_user_id_foreign` (`user_id`),
  ADD KEY `user_purchased_packages_package_id_foreign` (`package_id`),
  ADD KEY `user_purchased_packages_payment_transactions_id_foreign` (`payment_transactions_id`);

--
-- Indexes for table `user_reports`
--
ALTER TABLE `user_reports`
  ADD PRIMARY KEY (`id`),
  ADD KEY `user_reports_report_reason_id_foreign` (`report_reason_id`),
  ADD KEY `user_reports_user_id_foreign` (`user_id`),
  ADD KEY `user_reports_item_id_foreign` (`item_id`);

--
-- Indexes for table `verification_fields`
--
ALTER TABLE `verification_fields`
  ADD PRIMARY KEY (`id`);

--
-- Indexes for table `verification_field_values`
--
ALTER TABLE `verification_field_values`
  ADD PRIMARY KEY (`id`),
  ADD UNIQUE KEY `verification_field_values_user_id_verification_field_id_unique` (`user_id`,`verification_field_id`),
  ADD KEY `verification_field_values_verification_field_id_foreign` (`verification_field_id`),
  ADD KEY `verification_field_values_verification_request_id_foreign` (`verification_request_id`);

--
-- Indexes for table `verification_requests`
--
ALTER TABLE `verification_requests`
  ADD PRIMARY KEY (`id`),
  ADD KEY `verification_requests_user_id_foreign` (`user_id`);

--
-- AUTO_INCREMENT for dumped tables
--

--
-- AUTO_INCREMENT for table `areas`
--
ALTER TABLE `areas`
  MODIFY `id` bigint(20) UNSIGNED NOT NULL AUTO_INCREMENT;

--
-- AUTO_INCREMENT for table `block_users`
--
ALTER TABLE `block_users`
  MODIFY `id` bigint(20) UNSIGNED NOT NULL AUTO_INCREMENT;

--
-- AUTO_INCREMENT for table `blogs`
--
ALTER TABLE `blogs`
  MODIFY `id` bigint(20) UNSIGNED NOT NULL AUTO_INCREMENT;

--
-- AUTO_INCREMENT for table `categories`
--
ALTER TABLE `categories`
  MODIFY `id` bigint(20) UNSIGNED NOT NULL AUTO_INCREMENT, AUTO_INCREMENT=244;

--
-- AUTO_INCREMENT for table `category_translations`
--
ALTER TABLE `category_translations`
  MODIFY `id` bigint(20) UNSIGNED NOT NULL AUTO_INCREMENT, AUTO_INCREMENT=166;

--
-- AUTO_INCREMENT for table `chats`
--
ALTER TABLE `chats`
  MODIFY `id` bigint(20) UNSIGNED NOT NULL AUTO_INCREMENT, AUTO_INCREMENT=5;

--
-- AUTO_INCREMENT for table `cities`
--
ALTER TABLE `cities`
  MODIFY `id` bigint(20) UNSIGNED NOT NULL AUTO_INCREMENT, AUTO_INCREMENT=153661;

--
-- AUTO_INCREMENT for table `contact_us`
--
ALTER TABLE `contact_us`
  MODIFY `id` bigint(20) UNSIGNED NOT NULL AUTO_INCREMENT;

--
-- AUTO_INCREMENT for table `countries`
--
ALTER TABLE `countries`
  MODIFY `id` bigint(20) UNSIGNED NOT NULL AUTO_INCREMENT, AUTO_INCREMENT=216;

--
-- AUTO_INCREMENT for table `custom_fields`
--
ALTER TABLE `custom_fields`
  MODIFY `id` bigint(20) UNSIGNED NOT NULL AUTO_INCREMENT, AUTO_INCREMENT=32;

--
-- AUTO_INCREMENT for table `custom_field_categories`
--
ALTER TABLE `custom_field_categories`
  MODIFY `id` bigint(20) UNSIGNED NOT NULL AUTO_INCREMENT, AUTO_INCREMENT=94;

--
-- AUTO_INCREMENT for table `failed_jobs`
--
ALTER TABLE `failed_jobs`
  MODIFY `id` bigint(20) UNSIGNED NOT NULL AUTO_INCREMENT;

--
-- AUTO_INCREMENT for table `faqs`
--
ALTER TABLE `faqs`
  MODIFY `id` bigint(20) UNSIGNED NOT NULL AUTO_INCREMENT;

--
-- AUTO_INCREMENT for table `favourites`
--
ALTER TABLE `favourites`
  MODIFY `id` bigint(20) UNSIGNED NOT NULL AUTO_INCREMENT, AUTO_INCREMENT=2;

--
-- AUTO_INCREMENT for table `featured_items`
--
ALTER TABLE `featured_items`
  MODIFY `id` bigint(20) UNSIGNED NOT NULL AUTO_INCREMENT;

--
-- AUTO_INCREMENT for table `feature_sections`
--
ALTER TABLE `feature_sections`
  MODIFY `id` bigint(20) UNSIGNED NOT NULL AUTO_INCREMENT, AUTO_INCREMENT=2;

--
-- AUTO_INCREMENT for table `items`
--
ALTER TABLE `items`
  MODIFY `id` bigint(20) UNSIGNED NOT NULL AUTO_INCREMENT, AUTO_INCREMENT=10;

--
-- AUTO_INCREMENT for table `item_custom_field_values`
--
ALTER TABLE `item_custom_field_values`
  MODIFY `id` bigint(20) UNSIGNED NOT NULL AUTO_INCREMENT, AUTO_INCREMENT=66;

--
-- AUTO_INCREMENT for table `item_images`
--
ALTER TABLE `item_images`
  MODIFY `id` bigint(20) UNSIGNED NOT NULL AUTO_INCREMENT, AUTO_INCREMENT=8;

--
-- AUTO_INCREMENT for table `item_offers`
--
ALTER TABLE `item_offers`
  MODIFY `id` bigint(20) UNSIGNED NOT NULL AUTO_INCREMENT, AUTO_INCREMENT=4;

--
-- AUTO_INCREMENT for table `languages`
--
ALTER TABLE `languages`
  MODIFY `id` bigint(20) UNSIGNED NOT NULL AUTO_INCREMENT, AUTO_INCREMENT=4;

--
-- AUTO_INCREMENT for table `migrations`
--
ALTER TABLE `migrations`
  MODIFY `id` int(10) UNSIGNED NOT NULL AUTO_INCREMENT, AUTO_INCREMENT=18;

--
-- AUTO_INCREMENT for table `notifications`
--
ALTER TABLE `notifications`
  MODIFY `id` bigint(20) UNSIGNED NOT NULL AUTO_INCREMENT, AUTO_INCREMENT=2;

--
-- AUTO_INCREMENT for table `packages`
--
ALTER TABLE `packages`
  MODIFY `id` bigint(20) UNSIGNED NOT NULL AUTO_INCREMENT;

--
-- AUTO_INCREMENT for table `payment_configurations`
--
ALTER TABLE `payment_configurations`
  MODIFY `id` bigint(20) UNSIGNED NOT NULL AUTO_INCREMENT;

--
-- AUTO_INCREMENT for table `payment_transactions`
--
ALTER TABLE `payment_transactions`
  MODIFY `id` bigint(20) UNSIGNED NOT NULL AUTO_INCREMENT;

--
-- AUTO_INCREMENT for table `permissions`
--
ALTER TABLE `permissions`
  MODIFY `id` bigint(20) UNSIGNED NOT NULL AUTO_INCREMENT, AUTO_INCREMENT=82;

--
-- AUTO_INCREMENT for table `personal_access_tokens`
--
ALTER TABLE `personal_access_tokens`
  MODIFY `id` bigint(20) UNSIGNED NOT NULL AUTO_INCREMENT, AUTO_INCREMENT=12;

--
-- AUTO_INCREMENT for table `report_reasons`
--
ALTER TABLE `report_reasons`
  MODIFY `id` bigint(20) UNSIGNED NOT NULL AUTO_INCREMENT;

--
-- AUTO_INCREMENT for table `roles`
--
ALTER TABLE `roles`
  MODIFY `id` bigint(20) UNSIGNED NOT NULL AUTO_INCREMENT, AUTO_INCREMENT=3;

--
-- AUTO_INCREMENT for table `seller_ratings`
--
ALTER TABLE `seller_ratings`
  MODIFY `id` bigint(20) UNSIGNED NOT NULL AUTO_INCREMENT;

--
-- AUTO_INCREMENT for table `seo_settings`
--
ALTER TABLE `seo_settings`
  MODIFY `id` bigint(20) UNSIGNED NOT NULL AUTO_INCREMENT;

--
-- AUTO_INCREMENT for table `settings`
--
ALTER TABLE `settings`
  MODIFY `id` bigint(20) UNSIGNED NOT NULL AUTO_INCREMENT, AUTO_INCREMENT=292;

--
-- AUTO_INCREMENT for table `sliders`
--
ALTER TABLE `sliders`
  MODIFY `id` bigint(20) UNSIGNED NOT NULL AUTO_INCREMENT, AUTO_INCREMENT=7;

--
-- AUTO_INCREMENT for table `social_logins`
--
ALTER TABLE `social_logins`
  MODIFY `id` bigint(20) UNSIGNED NOT NULL AUTO_INCREMENT, AUTO_INCREMENT=6;

--
-- AUTO_INCREMENT for table `states`
--
ALTER TABLE `states`
  MODIFY `id` bigint(20) UNSIGNED NOT NULL AUTO_INCREMENT, AUTO_INCREMENT=2948;

--
-- AUTO_INCREMENT for table `tips`
--
ALTER TABLE `tips`
  MODIFY `id` bigint(20) UNSIGNED NOT NULL AUTO_INCREMENT, AUTO_INCREMENT=2;

--
-- AUTO_INCREMENT for table `tip_translations`
--
ALTER TABLE `tip_translations`
  MODIFY `id` bigint(20) UNSIGNED NOT NULL AUTO_INCREMENT, AUTO_INCREMENT=2;

--
-- AUTO_INCREMENT for table `users`
--
ALTER TABLE `users`
  MODIFY `id` bigint(20) UNSIGNED NOT NULL AUTO_INCREMENT, AUTO_INCREMENT=6;

--
-- AUTO_INCREMENT for table `user_fcm_tokens`
--
ALTER TABLE `user_fcm_tokens`
  MODIFY `id` bigint(20) UNSIGNED NOT NULL AUTO_INCREMENT, AUTO_INCREMENT=2;

--
-- AUTO_INCREMENT for table `user_purchased_packages`
--
ALTER TABLE `user_purchased_packages`
  MODIFY `id` bigint(20) UNSIGNED NOT NULL AUTO_INCREMENT;

--
-- AUTO_INCREMENT for table `user_reports`
--
ALTER TABLE `user_reports`
  MODIFY `id` bigint(20) UNSIGNED NOT NULL AUTO_INCREMENT;

--
-- AUTO_INCREMENT for table `verification_fields`
--
ALTER TABLE `verification_fields`
  MODIFY `id` bigint(20) UNSIGNED NOT NULL AUTO_INCREMENT, AUTO_INCREMENT=5;

--
-- AUTO_INCREMENT for table `verification_field_values`
--
ALTER TABLE `verification_field_values`
  MODIFY `id` bigint(20) UNSIGNED NOT NULL AUTO_INCREMENT, AUTO_INCREMENT=2;

--
-- AUTO_INCREMENT for table `verification_requests`
--
ALTER TABLE `verification_requests`
  MODIFY `id` bigint(20) UNSIGNED NOT NULL AUTO_INCREMENT, AUTO_INCREMENT=3;

--
-- Constraints for dumped tables
--

--
-- Constraints for table `areas`
--
ALTER TABLE `areas`
  ADD CONSTRAINT `areas_city_id_foreign` FOREIGN KEY (`city_id`) REFERENCES `cities` (`id`) ON DELETE CASCADE,
  ADD CONSTRAINT `areas_country_id_foreign` FOREIGN KEY (`country_id`) REFERENCES `countries` (`id`) ON DELETE CASCADE,
  ADD CONSTRAINT `areas_state_id_foreign` FOREIGN KEY (`state_id`) REFERENCES `states` (`id`) ON DELETE CASCADE;

--
-- Constraints for table `block_users`
--
ALTER TABLE `block_users`
  ADD CONSTRAINT `block_users_blocked_user_id_foreign` FOREIGN KEY (`blocked_user_id`) REFERENCES `users` (`id`) ON DELETE CASCADE ON UPDATE CASCADE,
  ADD CONSTRAINT `block_users_user_id_foreign` FOREIGN KEY (`user_id`) REFERENCES `users` (`id`) ON DELETE CASCADE ON UPDATE CASCADE;

--
-- Constraints for table `category_translations`
--
ALTER TABLE `category_translations`
  ADD CONSTRAINT `category_translations_category_id_foreign` FOREIGN KEY (`category_id`) REFERENCES `categories` (`id`) ON DELETE CASCADE,
  ADD CONSTRAINT `category_translations_language_id_foreign` FOREIGN KEY (`language_id`) REFERENCES `languages` (`id`) ON DELETE CASCADE;

--
-- Constraints for table `chats`
--
ALTER TABLE `chats`
  ADD CONSTRAINT `chats_item_offer_id_foreign` FOREIGN KEY (`item_offer_id`) REFERENCES `item_offers` (`id`) ON DELETE CASCADE,
  ADD CONSTRAINT `chats_sender_id_foreign` FOREIGN KEY (`sender_id`) REFERENCES `users` (`id`) ON DELETE CASCADE;

--
-- Constraints for table `cities`
--
ALTER TABLE `cities`
  ADD CONSTRAINT `cities_country_id_foreign` FOREIGN KEY (`country_id`) REFERENCES `countries` (`id`) ON DELETE CASCADE,
  ADD CONSTRAINT `cities_state_id_foreign` FOREIGN KEY (`state_id`) REFERENCES `states` (`id`) ON DELETE CASCADE;

--
-- Constraints for table `custom_field_categories`
--
ALTER TABLE `custom_field_categories`
  ADD CONSTRAINT `custom_field_categories_category_id_foreign` FOREIGN KEY (`category_id`) REFERENCES `categories` (`id`) ON DELETE CASCADE;

--
-- Constraints for table `favourites`
--
ALTER TABLE `favourites`
  ADD CONSTRAINT `favourites_item_id_foreign` FOREIGN KEY (`item_id`) REFERENCES `items` (`id`) ON DELETE CASCADE,
  ADD CONSTRAINT `favourites_user_id_foreign` FOREIGN KEY (`user_id`) REFERENCES `users` (`id`) ON DELETE CASCADE;

--
-- Constraints for table `featured_items`
--
ALTER TABLE `featured_items`
  ADD CONSTRAINT `featured_items_item_id_foreign` FOREIGN KEY (`item_id`) REFERENCES `items` (`id`) ON DELETE CASCADE,
  ADD CONSTRAINT `featured_items_package_id_foreign` FOREIGN KEY (`package_id`) REFERENCES `packages` (`id`) ON DELETE CASCADE,
  ADD CONSTRAINT `featured_items_user_purchased_package_id_foreign` FOREIGN KEY (`user_purchased_package_id`) REFERENCES `user_purchased_packages` (`id`) ON DELETE CASCADE;

--
-- Constraints for table `items`
--
ALTER TABLE `items`
  ADD CONSTRAINT `items_area_id_foreign` FOREIGN KEY (`area_id`) REFERENCES `areas` (`id`),
  ADD CONSTRAINT `items_category_id_foreign` FOREIGN KEY (`category_id`) REFERENCES `categories` (`id`),
  ADD CONSTRAINT `items_sold_to_foreign` FOREIGN KEY (`sold_to`) REFERENCES `users` (`id`) ON DELETE CASCADE,
  ADD CONSTRAINT `items_user_id_foreign` FOREIGN KEY (`user_id`) REFERENCES `users` (`id`) ON DELETE CASCADE;

--
-- Constraints for table `item_custom_field_values`
--
ALTER TABLE `item_custom_field_values`
  ADD CONSTRAINT `item_custom_field_values_custom_field_id_foreign` FOREIGN KEY (`custom_field_id`) REFERENCES `custom_fields` (`id`) ON DELETE CASCADE,
  ADD CONSTRAINT `item_custom_field_values_item_id_foreign` FOREIGN KEY (`item_id`) REFERENCES `items` (`id`) ON DELETE CASCADE;

--
-- Constraints for table `item_images`
--
ALTER TABLE `item_images`
  ADD CONSTRAINT `item_images_item_id_foreign` FOREIGN KEY (`item_id`) REFERENCES `items` (`id`) ON DELETE CASCADE;

--
-- Constraints for table `item_offers`
--
ALTER TABLE `item_offers`
  ADD CONSTRAINT `item_offers_buyer_id_foreign` FOREIGN KEY (`buyer_id`) REFERENCES `users` (`id`) ON DELETE CASCADE,
  ADD CONSTRAINT `item_offers_item_id_foreign` FOREIGN KEY (`item_id`) REFERENCES `items` (`id`) ON DELETE CASCADE,
  ADD CONSTRAINT `item_offers_seller_id_foreign` FOREIGN KEY (`seller_id`) REFERENCES `users` (`id`) ON DELETE CASCADE;

--
-- Constraints for table `model_has_permissions`
--
ALTER TABLE `model_has_permissions`
  ADD CONSTRAINT `model_has_permissions_permission_id_foreign` FOREIGN KEY (`permission_id`) REFERENCES `permissions` (`id`) ON DELETE CASCADE;

--
-- Constraints for table `model_has_roles`
--
ALTER TABLE `model_has_roles`
  ADD CONSTRAINT `model_has_roles_role_id_foreign` FOREIGN KEY (`role_id`) REFERENCES `roles` (`id`) ON DELETE CASCADE;

--
-- Constraints for table `notifications`
--
ALTER TABLE `notifications`
  ADD CONSTRAINT `notifications_item_id_foreign` FOREIGN KEY (`item_id`) REFERENCES `items` (`id`) ON DELETE CASCADE;

--
-- Constraints for table `payment_transactions`
--
ALTER TABLE `payment_transactions`
  ADD CONSTRAINT `payment_transactions_user_id_foreign` FOREIGN KEY (`user_id`) REFERENCES `users` (`id`) ON DELETE CASCADE;

--
-- Constraints for table `role_has_permissions`
--
ALTER TABLE `role_has_permissions`
  ADD CONSTRAINT `role_has_permissions_permission_id_foreign` FOREIGN KEY (`permission_id`) REFERENCES `permissions` (`id`) ON DELETE CASCADE,
  ADD CONSTRAINT `role_has_permissions_role_id_foreign` FOREIGN KEY (`role_id`) REFERENCES `roles` (`id`) ON DELETE CASCADE;

--
-- Constraints for table `seller_ratings`
--
ALTER TABLE `seller_ratings`
  ADD CONSTRAINT `seller_ratings_buyer_id_foreign` FOREIGN KEY (`buyer_id`) REFERENCES `users` (`id`) ON DELETE CASCADE,
  ADD CONSTRAINT `seller_ratings_item_id_foreign` FOREIGN KEY (`item_id`) REFERENCES `items` (`id`) ON DELETE CASCADE,
  ADD CONSTRAINT `seller_ratings_seller_id_foreign` FOREIGN KEY (`seller_id`) REFERENCES `users` (`id`) ON DELETE CASCADE;

--
-- Constraints for table `social_logins`
--
ALTER TABLE `social_logins`
  ADD CONSTRAINT `social_logins_user_id_foreign` FOREIGN KEY (`user_id`) REFERENCES `users` (`id`) ON DELETE CASCADE;

--
-- Constraints for table `states`
--
ALTER TABLE `states`
  ADD CONSTRAINT `states_country_id_foreign` FOREIGN KEY (`country_id`) REFERENCES `countries` (`id`) ON DELETE CASCADE;

--
-- Constraints for table `tip_translations`
--
ALTER TABLE `tip_translations`
  ADD CONSTRAINT `tip_translations_language_id_foreign` FOREIGN KEY (`language_id`) REFERENCES `languages` (`id`) ON DELETE CASCADE,
  ADD CONSTRAINT `tip_translations_tip_id_foreign` FOREIGN KEY (`tip_id`) REFERENCES `tips` (`id`) ON DELETE CASCADE;

--
-- Constraints for table `user_fcm_tokens`
--
ALTER TABLE `user_fcm_tokens`
  ADD CONSTRAINT `user_fcm_tokens_user_id_foreign` FOREIGN KEY (`user_id`) REFERENCES `users` (`id`) ON DELETE CASCADE ON UPDATE CASCADE;

--
-- Constraints for table `user_purchased_packages`
--
ALTER TABLE `user_purchased_packages`
  ADD CONSTRAINT `user_purchased_packages_package_id_foreign` FOREIGN KEY (`package_id`) REFERENCES `packages` (`id`) ON DELETE CASCADE,
  ADD CONSTRAINT `user_purchased_packages_payment_transactions_id_foreign` FOREIGN KEY (`payment_transactions_id`) REFERENCES `payment_transactions` (`id`) ON DELETE CASCADE,
  ADD CONSTRAINT `user_purchased_packages_user_id_foreign` FOREIGN KEY (`user_id`) REFERENCES `users` (`id`) ON DELETE CASCADE;

--
-- Constraints for table `user_reports`
--
ALTER TABLE `user_reports`
  ADD CONSTRAINT `user_reports_item_id_foreign` FOREIGN KEY (`item_id`) REFERENCES `items` (`id`) ON DELETE CASCADE,
  ADD CONSTRAINT `user_reports_report_reason_id_foreign` FOREIGN KEY (`report_reason_id`) REFERENCES `report_reasons` (`id`) ON DELETE CASCADE,
  ADD CONSTRAINT `user_reports_user_id_foreign` FOREIGN KEY (`user_id`) REFERENCES `users` (`id`) ON DELETE CASCADE;

--
-- Constraints for table `verification_field_values`
--
ALTER TABLE `verification_field_values`
  ADD CONSTRAINT `verification_field_values_user_id_foreign` FOREIGN KEY (`user_id`) REFERENCES `users` (`id`) ON DELETE CASCADE ON UPDATE CASCADE,
  ADD CONSTRAINT `verification_field_values_verification_field_id_foreign` FOREIGN KEY (`verification_field_id`) REFERENCES `verification_fields` (`id`) ON DELETE CASCADE,
  ADD CONSTRAINT `verification_field_values_verification_request_id_foreign` FOREIGN KEY (`verification_request_id`) REFERENCES `verification_requests` (`id`) ON DELETE CASCADE ON UPDATE CASCADE;

--
-- Constraints for table `verification_requests`
--
ALTER TABLE `verification_requests`
  ADD CONSTRAINT `verification_requests_user_id_foreign` FOREIGN KEY (`user_id`) REFERENCES `users` (`id`) ON DELETE CASCADE ON UPDATE CASCADE;
COMMIT;

/*!40101 SET CHARACTER_SET_CLIENT=@OLD_CHARACTER_SET_CLIENT */;
/*!40101 SET CHARACTER_SET_RESULTS=@OLD_CHARACTER_SET_RESULTS */;
/*!40101 SET COLLATION_CONNECTION=@OLD_COLLATION_CONNECTION */;
